companyID ,name 
1,VRP CONSULTING
2,ADASTRA
3,COMMENCIS
4,ADASTRA
5,COMMENCIS
6,LEMLOCK
7,THINKPORT GMBH
8,ELEKS
9,FUTURE PROCESSING
10,FEXLE INC.
11,CIKLUM
12,JELVIX
13,THINKPORT GMBH
14,IT SVIT
15,FEXLE INC.
16,INFOPULSE
17,AVENGA
18,ITEORA GMBH
19,UNICSOFT
20,SOFTSERVE
21,PROMX
22,THINKPORT GMBH
23,COMSENSE TECHNOLOGIES
24,LEMLOCK
25,COMSENSE TECHNOLOGIES
26,ITEORA GMBH
27,VRP CONSULTING
28,JELVIX
29,THINKPORT GMBH
30,SOFTSERVE
31,FEXLE INC.
32,JELVIX
33,LEMLOCK
34,COMMENCIS
35,COMMENCIS
36,INSTINCTOOLS
37,INSTINCTOOLS
38,THINKPORT GMBH
39,FUTURE PROCESSING
40,FEXLE INC.
41,COMMENCIS
42,ITEORA GMBH
43,DATAART
44,JELVIX
45,VRP CONSULTING
46,VRP CONSULTING
47,DATAART
48,IT SVIT
49,AVENGA
50,ADASTRA
51,THINKPORT GMBH
52,CIKLUM
53,COMSENSE TECHNOLOGIES
54,LEMLOCK
55,COMSENSE TECHNOLOGIES
56,VRP CONSULTING
57,VRP CONSULTING
58,INFOPULSE
59,INFOPULSE
60,ADASTRA
61,THINKPORT GMBH
62,FUTURE PROCESSING
63,COMSENSE TECHNOLOGIES
64,CIKLUM
65,INSTINCTOOLS
66,ITEORA GMBH
67,VRP CONSULTING
68,ELEKS
69,COMSENSE TECHNOLOGIES
70,CIKLUM
71,SOFTSERVE
72,UNICSOFT
73,THINKPORT GMBH
74,THINKPORT GMBH
75,VRP CONSULTING
76,JELVIX
77,AVENGA
78,COMSENSE TECHNOLOGIES
79,COMSENSE TECHNOLOGIES
80,ELEKS
81,PROMX
82,ITEORA GMBH
83,VRP CONSULTING
84,COMSENSE TECHNOLOGIES
85,CIKLUM
86,UNICSOFT
87,LEMLOCK
88,FEXLE INC.
89,LEMLOCK
90,IT SVIT
91,COMSENSE TECHNOLOGIES
92,CIKLUM
93,ITEORA GMBH
94,DATAART
95,SOFTSERVE
96,COMSENSE TECHNOLOGIES
97,THINKPORT GMBH
98,UNICSOFT
99,UNICSOFT
100,IT SVIT
101,COMSENSE TECHNOLOGIES
102,INSTINCTOOLS
103,ADASTRA
104,JELVIX
105,AVENGA
106,LEMLOCK
107,LEMLOCK
108,ITEORA GMBH
109,THINKPORT GMBH
110,INFOPULSE
111,VRP CONSULTING
112,ITEORA GMBH
113,COMSENSE TECHNOLOGIES
114,LEMLOCK
115,SOFTSERVE
116,PROMX
117,ITEORA GMBH
118,COMMENCIS
119,AVENGA
120,IT SVIT
121,CIKLUM
122,COMSENSE TECHNOLOGIES
123,FEXLE INC.
124,PROMX
125,LEMLOCK
126,IT SVIT
127,VRP CONSULTING
128,FUTURE PROCESSING
129,ITEORA GMBH
130,UNICSOFT
131,UNICSOFT
132,COMMENCIS
133,COMMENCIS
134,COMMENCIS
135,INSTINCTOOLS
136,PROMX
137,ADASTRA
138,JELVIX
139,LEMLOCK
140,INSTINCTOOLS
141,VRP CONSULTING
142,PROMX
143,PROMX
144,INFOPULSE
145,COMMENCIS
146,INFOPULSE
147,COMMENCIS
148,SOFTSERVE
149,DATAART
150,FUTURE PROCESSING
151,THINKPORT GMBH
152,COMMENCIS
153,AVENGA
154,JELVIX
155,ADASTRA
156,FUTURE PROCESSING
157,LEMLOCK
158,LEMLOCK
159,ITEORA GMBH
160,ITEORA GMBH
161,CIKLUM
162,CIKLUM
163,DATAART
164,FEXLE INC.
165,ITEORA GMBH
166,UNICSOFT
167,CIKLUM
168,AVENGA
169,IT SVIT
170,SOFTSERVE
171,THINKPORT GMBH
172,IT SVIT
173,ELEKS
174,INSTINCTOOLS
175,UNICSOFT
176,JELVIX
177,IT SVIT
178,THINKPORT GMBH
179,AVENGA
180,INSTINCTOOLS
181,INSTINCTOOLS
182,SOFTSERVE
183,CIKLUM
184,JELVIX
185,AVENGA
186,DATAART
187,LEMLOCK
188,UNICSOFT
189,SOFTSERVE
190,ITEORA GMBH
191,UNICSOFT
192,INSTINCTOOLS
193,JELVIX
194,IT SVIT
195,VRP CONSULTING
196,COMMENCIS
197,FEXLE INC.
198,DATAART
199,VRP CONSULTING
200,AVENGA
201,INFOPULSE
202,DATAART
203,COMMENCIS
204,LEMLOCK
205,COMSENSE TECHNOLOGIES
206,COMMENCIS
207,JELVIX
208,LEMLOCK
209,THINKPORT GMBH
210,CIKLUM
211,THINKPORT GMBH
212,FEXLE INC.
213,AVENGA
214,LEMLOCK
215,CIKLUM
216,FUTURE PROCESSING
217,LEMLOCK
218,IT SVIT
219,CIKLUM
220,DATAART
221,UNICSOFT
222,AVENGA
223,INFOPULSE
224,UNICSOFT
225,THINKPORT GMBH
226,FUTURE PROCESSING
227,SOFTSERVE
228,VRP CONSULTING
229,AVENGA
230,INFOPULSE
231,VRP CONSULTING
232,AVENGA
233,THINKPORT GMBH
234,FEXLE INC.
235,PROMX
236,JELVIX
237,ADASTRA
238,ELEKS
239,AVENGA
240,FEXLE INC.
241,PROMX
242,ITEORA GMBH
243,THINKPORT GMBH
244,JELVIX
245,CIKLUM
246,UNICSOFT
247,ELEKS
248,LEMLOCK
249,ITEORA GMBH
250,FUTURE PROCESSING
251,ADASTRA
252,INFOPULSE
253,LEMLOCK
254,JELVIX
255,COMSENSE TECHNOLOGIES
256,COMSENSE TECHNOLOGIES
257,LEMLOCK
258,ITEORA GMBH
259,LEMLOCK
260,COMSENSE TECHNOLOGIES
261,ELEKS
262,IT SVIT
263,IT SVIT
264,VRP CONSULTING
265,ITEORA GMBH
266,INFOPULSE
267,FUTURE PROCESSING
268,ADASTRA
269,COMMENCIS
270,JELVIX
271,IT SVIT
272,THINKPORT GMBH
273,DATAART
274,COMMENCIS
275,COMSENSE TECHNOLOGIES
276,COMMENCIS
277,AVENGA
278,INSTINCTOOLS
279,INSTINCTOOLS
280,IT SVIT
281,SOFTSERVE
282,THINKPORT GMBH
283,SOFTSERVE
284,SOFTSERVE
285,ITEORA GMBH
286,INSTINCTOOLS
287,DATAART
288,JELVIX
289,CIKLUM
290,FUTURE PROCESSING
291,ELEKS
292,ADASTRA
293,AVENGA
294,FEXLE INC.
295,VRP CONSULTING
296,DATAART
297,CIKLUM
298,CIKLUM
299,PROMX
300,ELEKS
301,AVENGA
302,ELEKS
303,UNICSOFT
304,FEXLE INC.
305,UNICSOFT
306,INSTINCTOOLS
307,UNICSOFT
308,COMSENSE TECHNOLOGIES
309,CIKLUM
310,FUTURE PROCESSING
311,THINKPORT GMBH
312,INSTINCTOOLS
313,INFOPULSE
314,THINKPORT GMBH
315,CIKLUM
316,JELVIX
317,INFOPULSE
318,FUTURE PROCESSING
319,FUTURE PROCESSING
320,FEXLE INC.
321,INFOPULSE
322,PROMX
323,ELEKS
324,FUTURE PROCESSING
325,ELEKS
326,SOFTSERVE
327,IT SVIT
328,INFOPULSE
329,ELEKS
330,FEXLE INC.
331,JELVIX
332,FEXLE INC.
333,AVENGA
334,PROMX
335,PROMX
336,ADASTRA
337,FUTURE PROCESSING
338,DATAART
339,INFOPULSE
340,UNICSOFT
341,UNICSOFT
342,DATAART
343,SOFTSERVE
344,JELVIX
345,SOFTSERVE
346,COMMENCIS
347,SOFTSERVE
348,CIKLUM
349,IT SVIT
350,CIKLUM
351,ITEORA GMBH
352,DATAART
353,ELEKS
354,FEXLE INC.
355,ADASTRA
356,ADASTRA
357,FUTURE PROCESSING
358,ADASTRA
359,PROMX
360,DATAART
361,AVENGA
362,FUTURE PROCESSING
363,COMSENSE TECHNOLOGIES
364,THINKPORT GMBH
365,JELVIX
366,ITEORA GMBH
367,VRP CONSULTING
368,SOFTSERVE
369,AVENGA
370,VRP CONSULTING
371,ITEORA GMBH
372,INFOPULSE
373,PROMX
374,LEMLOCK
375,VRP CONSULTING
376,FUTURE PROCESSING
377,ITEORA GMBH
378,SOFTSERVE
379,FEXLE INC.
380,COMMENCIS
381,INFOPULSE
382,THINKPORT GMBH
383,ADASTRA
384,IT SVIT
385,SOFTSERVE
386,IT SVIT
387,LEMLOCK
388,AVENGA
389,DATAART
390,COMSENSE TECHNOLOGIES
391,COMMENCIS
392,INSTINCTOOLS
393,IT SVIT
394,FEXLE INC.
395,FUTURE PROCESSING
396,JELVIX
397,INFOPULSE
398,AVENGA
399,IT SVIT
400,UNICSOFT
401,VRP CONSULTING
402,LEMLOCK
403,ITEORA GMBH
404,UNICSOFT
405,AVENGA
406,JELVIX
407,VRP CONSULTING
408,FEXLE INC.
409,DATAART
410,AVENGA
411,FUTURE PROCESSING
412,LEMLOCK
413,FUTURE PROCESSING
414,ITEORA GMBH
415,INSTINCTOOLS
416,JELVIX
417,CIKLUM
418,AVENGA
419,AVENGA
420,UNICSOFT
421,SOFTSERVE
422,SOFTSERVE
423,FUTURE PROCESSING
424,IT SVIT
425,PROMX
426,ADASTRA
427,SOFTSERVE
428,PROMX
429,DATAART
430,INSTINCTOOLS
431,AVENGA
432,ELEKS
433,THINKPORT GMBH
434,AVENGA
435,THINKPORT GMBH
436,FUTURE PROCESSING
437,DATAART
438,ADASTRA
439,AVENGA
440,PROMX
441,DATAART
442,ELEKS
443,DATAART
444,ADASTRA
445,ITEORA GMBH
446,LEMLOCK
447,THINKPORT GMBH
448,UNICSOFT
449,VRP CONSULTING
450,AVENGA
451,UNICSOFT
452,INFOPULSE
453,AVENGA
454,IT SVIT
455,CIKLUM
456,JELVIX
457,IT SVIT
458,IT SVIT
459,PROMX
460,ITEORA GMBH
461,IT SVIT
462,INFOPULSE
463,SOFTSERVE
464,THINKPORT GMBH
465,IT SVIT
466,ADASTRA
467,FUTURE PROCESSING
468,ITEORA GMBH
469,FUTURE PROCESSING
470,SOFTSERVE
471,ADASTRA
472,VRP CONSULTING
473,FUTURE PROCESSING
474,DATAART
475,COMSENSE TECHNOLOGIES
476,ELEKS
477,COMSENSE TECHNOLOGIES
478,FEXLE INC.
479,DATAART
480,SOFTSERVE
481,JELVIX
482,FUTURE PROCESSING
483,COMMENCIS
484,VRP CONSULTING
485,CIKLUM
486,INSTINCTOOLS
487,INSTINCTOOLS
488,FEXLE INC.
489,COMSENSE TECHNOLOGIES
490,FUTURE PROCESSING
491,LEMLOCK
492,ITEORA GMBH
493,COMSENSE TECHNOLOGIES
494,COMSENSE TECHNOLOGIES
495,INFOPULSE
496,FEXLE INC.
497,ELEKS
498,FEXLE INC.
499,INSTINCTOOLS
500,IT SVIT
501,ADASTRA
502,FEXLE INC.
503,SOFTSERVE
504,COMMENCIS
505,PROMX
506,PROMX
507,UNICSOFT
508,INSTINCTOOLS
509,DATAART
510,LEMLOCK
511,INSTINCTOOLS
512,FEXLE INC.
513,SOFTSERVE
514,FEXLE INC.
515,COMSENSE TECHNOLOGIES
516,DATAART
517,JELVIX
518,FUTURE PROCESSING
519,INFOPULSE
520,JELVIX
521,ADASTRA
522,ITEORA GMBH
523,FEXLE INC.
524,THINKPORT GMBH
525,JELVIX
526,INFOPULSE
527,INFOPULSE
528,AVENGA
529,VRP CONSULTING
530,LEMLOCK
531,AVENGA
532,ITEORA GMBH
533,IT SVIT
534,SOFTSERVE
535,VRP CONSULTING
536,COMSENSE TECHNOLOGIES
537,FUTURE PROCESSING
538,ITEORA GMBH
539,INSTINCTOOLS
540,ELEKS
541,INFOPULSE
542,UNICSOFT
543,JELVIX
544,JELVIX
545,UNICSOFT
546,ELEKS
547,COMMENCIS
548,FUTURE PROCESSING
549,CIKLUM
550,ADASTRA
551,DATAART
552,UNICSOFT
553,UNICSOFT
554,SOFTSERVE
555,VRP CONSULTING
556,VRP CONSULTING
557,FUTURE PROCESSING
558,COMSENSE TECHNOLOGIES
559,COMSENSE TECHNOLOGIES
560,THINKPORT GMBH
561,ITEORA GMBH
562,UNICSOFT
563,INFOPULSE
564,PROMX
565,THINKPORT GMBH
566,ELEKS
567,CIKLUM
568,JELVIX
569,JELVIX
570,INSTINCTOOLS
571,UNICSOFT
572,THINKPORT GMBH
573,ADASTRA
574,SOFTSERVE
575,LEMLOCK
576,INFOPULSE
577,JELVIX
578,FEXLE INC.
579,ADASTRA
580,SOFTSERVE
581,IT SVIT
582,DATAART
583,VRP CONSULTING
584,COMSENSE TECHNOLOGIES
585,INFOPULSE
586,ELEKS
587,LEMLOCK
588,CIKLUM
589,CIKLUM
590,SOFTSERVE
591,COMMENCIS
592,COMMENCIS
593,VRP CONSULTING
594,INFOPULSE
595,JELVIX
596,DATAART
597,INFOPULSE
598,FUTURE PROCESSING
599,LEMLOCK
600,ADASTRA
601,CIKLUM
602,COMSENSE TECHNOLOGIES
603,ADASTRA
604,UNICSOFT
605,INFOPULSE
606,INFOPULSE
607,INFOPULSE
608,PROMX
609,INFOPULSE
610,ADASTRA
611,ELEKS
612,ADASTRA
613,FUTURE PROCESSING
614,COMMENCIS
615,VRP CONSULTING
616,UNICSOFT
617,UNICSOFT
618,FEXLE INC.
619,COMSENSE TECHNOLOGIES
620,CIKLUM
621,FEXLE INC.
622,ELEKS
623,IT SVIT
624,CIKLUM
625,SOFTSERVE
626,JELVIX
627,IT SVIT
628,THINKPORT GMBH
629,IT SVIT
630,INFOPULSE
631,JELVIX
632,IT SVIT
633,FEXLE INC.
634,COMMENCIS
635,AVENGA
636,IT SVIT
637,COMSENSE TECHNOLOGIES
638,INSTINCTOOLS
639,SOFTSERVE
640,DATAART
641,ITEORA GMBH
642,ITEORA GMBH
643,COMMENCIS
644,ADASTRA
645,FUTURE PROCESSING
646,IT SVIT
647,LEMLOCK
648,PROMX
649,ADASTRA
650,ADASTRA
651,UNICSOFT
652,AVENGA
653,COMMENCIS
654,AVENGA
655,FUTURE PROCESSING
656,COMMENCIS
657,THINKPORT GMBH
658,SOFTSERVE
659,ITEORA GMBH
660,ITEORA GMBH
661,PROMX
662,FEXLE INC.
663,SOFTSERVE
664,DATAART
665,THINKPORT GMBH
666,COMMENCIS
667,ELEKS
668,UNICSOFT
669,COMMENCIS
670,VRP CONSULTING
671,INSTINCTOOLS
672,FUTURE PROCESSING
673,CIKLUM
674,ITEORA GMBH
675,ELEKS
676,LEMLOCK
677,COMSENSE TECHNOLOGIES
678,COMMENCIS
679,IT SVIT
680,DATAART
681,FUTURE PROCESSING
682,FUTURE PROCESSING
683,JELVIX
684,JELVIX
685,CIKLUM
686,ADASTRA
687,COMSENSE TECHNOLOGIES
688,INFOPULSE
689,LEMLOCK
690,FUTURE PROCESSING
691,THINKPORT GMBH
692,ITEORA GMBH
693,UNICSOFT
694,AVENGA
695,INFOPULSE
696,ADASTRA
697,LEMLOCK
698,FEXLE INC.
699,ELEKS
700,UNICSOFT
701,CIKLUM
702,ITEORA GMBH
703,FUTURE PROCESSING
704,VRP CONSULTING
705,AVENGA
706,FEXLE INC.
707,IT SVIT
708,ITEORA GMBH
709,LEMLOCK
710,INSTINCTOOLS
711,COMMENCIS
712,ITEORA GMBH
713,COMSENSE TECHNOLOGIES
714,VRP CONSULTING
715,LEMLOCK
716,ADASTRA
717,COMMENCIS
718,SOFTSERVE
719,ITEORA GMBH
720,ADASTRA
721,INFOPULSE
722,AVENGA
723,COMMENCIS
724,SOFTSERVE
725,INFOPULSE
726,ADASTRA
727,UNICSOFT
728,DATAART
729,PROMX
730,DATAART
731,FEXLE INC.
732,ELEKS
733,DATAART
734,THINKPORT GMBH
735,ELEKS
736,INFOPULSE
737,FEXLE INC.
738,PROMX
739,PROMX
740,INSTINCTOOLS
741,LEMLOCK
742,ELEKS
743,ITEORA GMBH
744,THINKPORT GMBH
745,IT SVIT
746,ADASTRA
747,UNICSOFT
748,AVENGA
749,IT SVIT
750,COMSENSE TECHNOLOGIES
751,THINKPORT GMBH
752,THINKPORT GMBH
753,INSTINCTOOLS
754,CIKLUM
755,AVENGA
756,INSTINCTOOLS
757,THINKPORT GMBH
758,SOFTSERVE
759,INSTINCTOOLS
760,DATAART
761,LEMLOCK
762,LEMLOCK
763,ITEORA GMBH
764,SOFTSERVE
765,UNICSOFT
766,UNICSOFT
767,ITEORA GMBH
768,THINKPORT GMBH
769,ITEORA GMBH
770,COMSENSE TECHNOLOGIES
771,CIKLUM
772,UNICSOFT
773,VRP CONSULTING
774,FEXLE INC.
775,AVENGA
776,THINKPORT GMBH
777,AVENGA
778,SOFTSERVE
779,INSTINCTOOLS
780,FEXLE INC.
781,COMSENSE TECHNOLOGIES
782,AVENGA
783,COMSENSE TECHNOLOGIES
784,CIKLUM
785,VRP CONSULTING
786,DATAART
787,THINKPORT GMBH
788,INFOPULSE
789,SOFTSERVE
790,FUTURE PROCESSING
791,SOFTSERVE
792,JELVIX
793,FUTURE PROCESSING
794,ELEKS
795,FEXLE INC.
796,ADASTRA
797,FEXLE INC.
798,ADASTRA
799,PROMX
800,AVENGA
801,INFOPULSE
802,ELEKS
803,UNICSOFT
804,UNICSOFT
805,CIKLUM
806,ADASTRA
807,ITEORA GMBH
808,ELEKS
809,UNICSOFT
810,ELEKS
811,FUTURE PROCESSING
812,DATAART
813,ELEKS
814,ELEKS
815,INSTINCTOOLS
816,JELVIX
817,FEXLE INC.
818,ELEKS
819,VRP CONSULTING
820,LEMLOCK
821,FEXLE INC.
822,COMSENSE TECHNOLOGIES
823,JELVIX
824,FUTURE PROCESSING
825,INSTINCTOOLS
826,IT SVIT
827,AVENGA
828,ADASTRA
829,FEXLE INC.
830,INSTINCTOOLS
831,ITEORA GMBH
832,ADASTRA
833,FUTURE PROCESSING
834,LEMLOCK
835,UNICSOFT
836,VRP CONSULTING
837,CIKLUM
838,ADASTRA
839,AVENGA
840,ITEORA GMBH
841,IT SVIT
842,CIKLUM
843,INFOPULSE
844,ITEORA GMBH
845,ADASTRA
846,COMSENSE TECHNOLOGIES
847,DATAART
848,UNICSOFT
849,FUTURE PROCESSING
850,UNICSOFT
851,CIKLUM
852,VRP CONSULTING
853,ADASTRA
854,ADASTRA
855,VRP CONSULTING
856,AVENGA
857,INFOPULSE
858,IT SVIT
859,ADASTRA
860,ADASTRA
861,THINKPORT GMBH
862,DATAART
863,JELVIX
864,DATAART
865,ADASTRA
866,COMSENSE TECHNOLOGIES
867,COMSENSE TECHNOLOGIES
868,DATAART
869,COMMENCIS
870,INFOPULSE
871,ELEKS
872,FUTURE PROCESSING
873,JELVIX
874,CIKLUM
875,SOFTSERVE
876,UNICSOFT
877,ADASTRA
878,CIKLUM
879,COMSENSE TECHNOLOGIES
880,VRP CONSULTING
881,COMMENCIS
882,LEMLOCK
883,UNICSOFT
884,THINKPORT GMBH
885,INFOPULSE
886,INSTINCTOOLS
887,DATAART
888,JELVIX
889,ELEKS
890,COMSENSE TECHNOLOGIES
891,LEMLOCK
892,THINKPORT GMBH
893,THINKPORT GMBH
894,INSTINCTOOLS
895,FEXLE INC.
896,DATAART
897,DATAART
898,COMSENSE TECHNOLOGIES
899,CIKLUM
900,AVENGA
901,ELEKS
902,INFOPULSE
903,FUTURE PROCESSING
904,AVENGA
905,THINKPORT GMBH
906,ELEKS
907,INSTINCTOOLS
908,INFOPULSE
909,LEMLOCK
910,ITEORA GMBH
911,ELEKS
912,PROMX
913,CIKLUM
914,INFOPULSE
915,COMSENSE TECHNOLOGIES
916,SOFTSERVE
917,FEXLE INC.
918,AVENGA
919,INSTINCTOOLS
920,LEMLOCK
921,SOFTSERVE
922,ADASTRA
923,INSTINCTOOLS
924,THINKPORT GMBH
925,ITEORA GMBH
926,ADASTRA
927,ADASTRA
928,UNICSOFT
929,UNICSOFT
930,UNICSOFT
931,ADASTRA
932,AVENGA
933,THINKPORT GMBH
934,SOFTSERVE
935,ELEKS
936,JELVIX
937,AVENGA
938,DATAART
939,ITEORA GMBH
940,FUTURE PROCESSING
941,VRP CONSULTING
942,COMMENCIS
943,AVENGA
944,DATAART
945,CIKLUM
946,IT SVIT
947,FUTURE PROCESSING
948,COMSENSE TECHNOLOGIES
949,INFOPULSE
950,ELEKS
951,LEMLOCK
952,ITEORA GMBH
953,LEMLOCK
954,COMMENCIS
955,JELVIX
956,LEMLOCK
957,VRP CONSULTING
958,ADASTRA
959,AVENGA
960,VRP CONSULTING
961,ADASTRA
962,FEXLE INC.
963,SOFTSERVE
964,THINKPORT GMBH
965,ELEKS
966,SOFTSERVE
967,JELVIX
968,CIKLUM
969,AVENGA
970,FEXLE INC.
971,AVENGA
972,ADASTRA
973,ITEORA GMBH
974,FEXLE INC.
975,DATAART
976,SOFTSERVE
977,DATAART
978,ITEORA GMBH
979,ADASTRA
980,COMMENCIS
981,FEXLE INC.
982,FEXLE INC.
983,PROMX
984,AVENGA
985,ELEKS
986,ADASTRA
987,FEXLE INC.
988,VRP CONSULTING
989,AVENGA
990,AVENGA
991,COMSENSE TECHNOLOGIES
992,THINKPORT GMBH
993,IT SVIT
994,JELVIX
995,THINKPORT GMBH
996,LEMLOCK
997,SOFTSERVE
998,THINKPORT GMBH
999,ADASTRA
1000,ADASTRA
1001,COMMENCIS
1002,ELEKS
1003,LEMLOCK
1004,SOFTSERVE
1005,IT SVIT
1006,CIKLUM
1007,CIKLUM
1008,COMSENSE TECHNOLOGIES
1009,THINKPORT GMBH
1010,ELEKS
1011,FEXLE INC.
1012,ITEORA GMBH
1013,UNICSOFT
1014,JELVIX
1015,SOFTSERVE
1016,COMSENSE TECHNOLOGIES
1017,VRP CONSULTING
1018,CIKLUM
1019,IT SVIT
1020,AVENGA
1021,VRP CONSULTING
1022,IT SVIT
1023,ELEKS
1024,UNICSOFT
1025,VRP CONSULTING
1026,COMSENSE TECHNOLOGIES
1027,COMMENCIS
1028,VRP CONSULTING
1029,ELEKS
1030,FEXLE INC.
1031,CIKLUM
1032,UNICSOFT
1033,JELVIX
1034,PROMX
1035,PROMX
1036,COMMENCIS
1037,AVENGA
1038,ITEORA GMBH
1039,CIKLUM
1040,ELEKS
1041,FEXLE INC.
1042,INFOPULSE
1043,JELVIX
1044,FEXLE INC.
1045,DATAART
1046,UNICSOFT
1047,JELVIX
1048,LEMLOCK
1049,ELEKS
1050,COMSENSE TECHNOLOGIES
1051,COMMENCIS
1052,DATAART
1053,AVENGA
1054,CIKLUM
1055,FUTURE PROCESSING
1056,FUTURE PROCESSING
1057,THINKPORT GMBH
1058,FEXLE INC.
1059,INFOPULSE
1060,AVENGA
1061,PROMX
1062,COMSENSE TECHNOLOGIES
1063,ITEORA GMBH
1064,THINKPORT GMBH
1065,VRP CONSULTING
1066,JELVIX
1067,COMSENSE TECHNOLOGIES
1068,UNICSOFT
1069,JELVIX
1070,ELEKS
1071,UNICSOFT
1072,JELVIX
1073,IT SVIT
1074,UNICSOFT
1075,INSTINCTOOLS
1076,UNICSOFT
1077,DATAART
1078,DATAART
1079,PROMX
1080,LEMLOCK
1081,IT SVIT
1082,LEMLOCK
1083,UNICSOFT
1084,INSTINCTOOLS
1085,FEXLE INC.
1086,INFOPULSE
1087,JELVIX
1088,ADASTRA
1089,VRP CONSULTING
1090,UNICSOFT
1091,PROMX
1092,DATAART
1093,COMSENSE TECHNOLOGIES
1094,ELEKS
1095,ELEKS
1096,INFOPULSE
1097,ITEORA GMBH
1098,JELVIX
1099,UNICSOFT
1100,VRP CONSULTING
1101,PROMX
1102,ITEORA GMBH
1103,VRP CONSULTING
1104,PROMX
1105,SOFTSERVE
1106,INFOPULSE
1107,PROMX
1108,PROMX
1109,COMMENCIS
1110,FEXLE INC.
1111,THINKPORT GMBH
1112,VRP CONSULTING
1113,IT SVIT
1114,ITEORA GMBH
1115,ITEORA GMBH
1116,DATAART
1117,INSTINCTOOLS
1118,PROMX
1119,COMMENCIS
1120,INFOPULSE
1121,ADASTRA
1122,PROMX
1123,FUTURE PROCESSING
1124,PROMX
1125,INSTINCTOOLS
1126,COMSENSE TECHNOLOGIES
1127,VRP CONSULTING
1128,INFOPULSE
1129,FEXLE INC.
1130,AVENGA
1131,ADASTRA
1132,ITEORA GMBH
1133,INSTINCTOOLS
1134,JELVIX
1135,ADASTRA
1136,DATAART
1137,INFOPULSE
1138,FEXLE INC.
1139,VRP CONSULTING
1140,LEMLOCK
1141,JELVIX
1142,COMSENSE TECHNOLOGIES
1143,UNICSOFT
1144,LEMLOCK
1145,COMMENCIS
1146,ELEKS
1147,AVENGA
1148,IT SVIT
1149,AVENGA
1150,DATAART
1151,FUTURE PROCESSING
1152,UNICSOFT
1153,INFOPULSE
1154,LEMLOCK
1155,SOFTSERVE
1156,FEXLE INC.
1157,CIKLUM
1158,COMMENCIS
1159,IT SVIT
1160,SOFTSERVE
1161,PROMX
1162,ITEORA GMBH
1163,FEXLE INC.
1164,ADASTRA
1165,INFOPULSE
1166,FUTURE PROCESSING
1167,LEMLOCK
1168,INFOPULSE
1169,FEXLE INC.
1170,FEXLE INC.
1171,THINKPORT GMBH
1172,ELEKS
1173,AVENGA
1174,UNICSOFT
1175,PROMX
1176,IT SVIT
1177,INSTINCTOOLS
1178,INFOPULSE
1179,DATAART
1180,VRP CONSULTING
1181,INFOPULSE
1182,ADASTRA
1183,CIKLUM
1184,UNICSOFT
1185,AVENGA
1186,THINKPORT GMBH
1187,COMMENCIS
1188,THINKPORT GMBH
1189,DATAART
1190,ITEORA GMBH
1191,ELEKS
1192,AVENGA
1193,VRP CONSULTING
1194,AVENGA
1195,COMMENCIS
1196,JELVIX
1197,FUTURE PROCESSING
1198,THINKPORT GMBH
1199,VRP CONSULTING
1200,COMSENSE TECHNOLOGIES
1201,JELVIX
1202,VRP CONSULTING
1203,ELEKS
1204,COMSENSE TECHNOLOGIES
1205,COMSENSE TECHNOLOGIES
1206,ADASTRA
1207,ITEORA GMBH
1208,VRP CONSULTING
1209,COMSENSE TECHNOLOGIES
1210,IT SVIT
1211,FUTURE PROCESSING
1212,PROMX
1213,FUTURE PROCESSING
1214,ITEORA GMBH
1215,INFOPULSE
1216,FEXLE INC.
1217,ITEORA GMBH
1218,COMSENSE TECHNOLOGIES
1219,INSTINCTOOLS
1220,ADASTRA
1221,PROMX
1222,THINKPORT GMBH
1223,THINKPORT GMBH
1224,UNICSOFT
1225,COMMENCIS
1226,UNICSOFT
1227,COMSENSE TECHNOLOGIES
1228,LEMLOCK
1229,ITEORA GMBH
1230,VRP CONSULTING
1231,ADASTRA
1232,ADASTRA
1233,JELVIX
1234,THINKPORT GMBH
1235,THINKPORT GMBH
1236,FUTURE PROCESSING
1237,JELVIX
1238,PROMX
1239,LEMLOCK
1240,DATAART
1241,CIKLUM
1242,ITEORA GMBH
1243,COMMENCIS
1244,PROMX
1245,SOFTSERVE
1246,AVENGA
1247,COMMENCIS
1248,THINKPORT GMBH
1249,IT SVIT
1250,FEXLE INC.
1251,ADASTRA
1252,COMSENSE TECHNOLOGIES
1253,VRP CONSULTING
1254,FEXLE INC.
1255,VRP CONSULTING
1256,DATAART
1257,INFOPULSE
1258,IT SVIT
1259,CIKLUM
1260,LEMLOCK
1261,VRP CONSULTING
1262,JELVIX
1263,ITEORA GMBH
1264,VRP CONSULTING
1265,CIKLUM
1266,CIKLUM
1267,COMSENSE TECHNOLOGIES
1268,FUTURE PROCESSING
1269,FUTURE PROCESSING
1270,ADASTRA
1271,DATAART
1272,COMSENSE TECHNOLOGIES
1273,CIKLUM
1274,INFOPULSE
1275,SOFTSERVE
1276,PROMX
1277,DATAART
1278,AVENGA
1279,CIKLUM
1280,LEMLOCK
1281,SOFTSERVE
1282,VRP CONSULTING
1283,UNICSOFT
1284,THINKPORT GMBH
1285,PROMX
1286,CIKLUM
1287,JELVIX
1288,CIKLUM
1289,THINKPORT GMBH
1290,THINKPORT GMBH
1291,LEMLOCK
1292,INFOPULSE
1293,LEMLOCK
1294,JELVIX
1295,FUTURE PROCESSING
1296,SOFTSERVE
1297,AVENGA
1298,COMMENCIS
1299,SOFTSERVE
1300,FUTURE PROCESSING
1301,AVENGA
1302,INSTINCTOOLS
1303,THINKPORT GMBH
1304,CIKLUM
1305,ITEORA GMBH
1306,COMSENSE TECHNOLOGIES
1307,COMMENCIS
1308,INSTINCTOOLS
1309,FEXLE INC.
1310,PROMX
1311,LEMLOCK
1312,COMSENSE TECHNOLOGIES
1313,THINKPORT GMBH
1314,THINKPORT GMBH
1315,THINKPORT GMBH
1316,COMMENCIS
1317,COMMENCIS
1318,IT SVIT
1319,PROMX
1320,INFOPULSE
1321,JELVIX
1322,UNICSOFT
1323,ADASTRA
1324,PROMX
1325,INFOPULSE
1326,COMMENCIS
1327,ELEKS
1328,COMMENCIS
1329,THINKPORT GMBH
1330,FEXLE INC.
1331,CIKLUM
1332,COMSENSE TECHNOLOGIES
1333,UNICSOFT
1334,INSTINCTOOLS
1335,IT SVIT
1336,PROMX
1337,PROMX
1338,COMSENSE TECHNOLOGIES
1339,ELEKS
1340,LEMLOCK
1341,COMSENSE TECHNOLOGIES
1342,ITEORA GMBH
1343,COMMENCIS
1344,ADASTRA
1345,ELEKS
1346,UNICSOFT
1347,LEMLOCK
1348,COMMENCIS
1349,CIKLUM
1350,ADASTRA
1351,CIKLUM
1352,COMMENCIS
1353,COMSENSE TECHNOLOGIES
1354,JELVIX
1355,FUTURE PROCESSING
1356,PROMX
1357,SOFTSERVE
1358,IT SVIT
1359,PROMX
1360,FEXLE INC.
1361,ADASTRA
1362,AVENGA
1363,LEMLOCK
1364,AVENGA
1365,INSTINCTOOLS
1366,IT SVIT
1367,FUTURE PROCESSING
1368,DATAART
1369,COMMENCIS
1370,LEMLOCK
1371,UNICSOFT
1372,THINKPORT GMBH
1373,ADASTRA
1374,SOFTSERVE
1375,ITEORA GMBH
1376,AVENGA
1377,FEXLE INC.
1378,COMSENSE TECHNOLOGIES
1379,ITEORA GMBH
1380,DATAART
1381,THINKPORT GMBH
1382,CIKLUM
1383,FUTURE PROCESSING
1384,COMSENSE TECHNOLOGIES
1385,DATAART
1386,DATAART
1387,ELEKS
1388,PROMX
1389,FEXLE INC.
1390,LEMLOCK
1391,UNICSOFT
1392,COMMENCIS
1393,INFOPULSE
1394,COMMENCIS
1395,COMMENCIS
1396,FEXLE INC.
1397,COMSENSE TECHNOLOGIES
1398,THINKPORT GMBH
1399,ADASTRA
1400,JELVIX
1401,FUTURE PROCESSING
1402,VRP CONSULTING
1403,DATAART
1404,UNICSOFT
1405,PROMX
1406,LEMLOCK
1407,ADASTRA
1408,ELEKS
1409,COMSENSE TECHNOLOGIES
1410,COMMENCIS
1411,THINKPORT GMBH
1412,JELVIX
1413,ELEKS
1414,UNICSOFT
1415,SOFTSERVE
1416,INFOPULSE
1417,VRP CONSULTING
1418,ADASTRA
1419,COMMENCIS
1420,LEMLOCK
1421,FEXLE INC.
1422,THINKPORT GMBH
1423,INSTINCTOOLS
1424,ADASTRA
1425,FEXLE INC.
1426,CIKLUM
1427,CIKLUM
1428,PROMX
1429,INSTINCTOOLS
1430,FUTURE PROCESSING
1431,FEXLE INC.
1432,FEXLE INC.
1433,UNICSOFT
1434,LEMLOCK
1435,FEXLE INC.
1436,THINKPORT GMBH
1437,PROMX
1438,AVENGA
1439,DATAART
1440,INSTINCTOOLS
1441,UNICSOFT
1442,LEMLOCK
1443,JELVIX
1444,PROMX
1445,INFOPULSE
1446,IT SVIT
1447,THINKPORT GMBH
1448,DATAART
1449,LEMLOCK
1450,ITEORA GMBH
1451,AVENGA
1452,VRP CONSULTING
1453,ITEORA GMBH
1454,INSTINCTOOLS
1455,COMSENSE TECHNOLOGIES
1456,COMSENSE TECHNOLOGIES
1457,JELVIX
1458,THINKPORT GMBH
1459,FEXLE INC.
1460,FUTURE PROCESSING
1461,FUTURE PROCESSING
1462,ELEKS
1463,IT SVIT
1464,IT SVIT
1465,ADASTRA
1466,VRP CONSULTING
1467,ELEKS
1468,JELVIX
1469,UNICSOFT
1470,DATAART
1471,ELEKS
1472,AVENGA
1473,CIKLUM
1474,FUTURE PROCESSING
1475,PROMX
1476,INSTINCTOOLS
1477,FEXLE INC.
1478,FUTURE PROCESSING
1479,FEXLE INC.
1480,LEMLOCK
1481,AVENGA
1482,PROMX
1483,INSTINCTOOLS
1484,JELVIX
1485,THINKPORT GMBH
1486,ITEORA GMBH
1487,THINKPORT GMBH
1488,VRP CONSULTING
1489,PROMX
1490,COMMENCIS
1491,COMSENSE TECHNOLOGIES
1492,JELVIX
1493,COMSENSE TECHNOLOGIES
1494,COMSENSE TECHNOLOGIES
1495,LEMLOCK
1496,FEXLE INC.
1497,LEMLOCK
1498,COMMENCIS
1499,IT SVIT
1500,ITEORA GMBH
1501,LEMLOCK
1502,SOFTSERVE
1503,LEMLOCK
1504,SOFTSERVE
1505,AVENGA
1506,JELVIX
1507,COMMENCIS
1508,THINKPORT GMBH
1509,AVENGA
1510,COMSENSE TECHNOLOGIES
1511,COMSENSE TECHNOLOGIES
1512,ITEORA GMBH
1513,THINKPORT GMBH
1514,ADASTRA
1515,JELVIX
1516,ELEKS
1517,COMMENCIS
1518,ADASTRA
1519,COMSENSE TECHNOLOGIES
1520,ITEORA GMBH
1521,FUTURE PROCESSING
1522,INFOPULSE
1523,COMSENSE TECHNOLOGIES
1524,FEXLE INC.
1525,CIKLUM
1526,AVENGA
1527,PROMX
1528,VRP CONSULTING
1529,AVENGA
1530,CIKLUM
1531,INFOPULSE
1532,IT SVIT
1533,COMSENSE TECHNOLOGIES
1534,ELEKS
1535,AVENGA
1536,VRP CONSULTING
1537,ADASTRA
1538,CIKLUM
1539,INSTINCTOOLS
1540,DATAART
1541,JELVIX
1542,VRP CONSULTING
1543,ADASTRA
1544,ELEKS
1545,ELEKS
1546,INSTINCTOOLS
1547,LEMLOCK
1548,FEXLE INC.
1549,JELVIX
1550,CIKLUM
1551,CIKLUM
1552,FUTURE PROCESSING
1553,IT SVIT
1554,SOFTSERVE
1555,FEXLE INC.
1556,INFOPULSE
1557,PROMX
1558,AVENGA
1559,COMSENSE TECHNOLOGIES
1560,IT SVIT
1561,AVENGA
1562,ELEKS
1563,ELEKS
1564,CIKLUM
1565,INSTINCTOOLS
1566,IT SVIT
1567,AVENGA
1568,LEMLOCK
1569,AVENGA
1570,CIKLUM
1571,THINKPORT GMBH
1572,PROMX
1573,CIKLUM
1574,FUTURE PROCESSING
1575,FUTURE PROCESSING
1576,DATAART
1577,COMMENCIS
1578,AVENGA
1579,LEMLOCK
1580,SOFTSERVE
1581,ITEORA GMBH
1582,LEMLOCK
1583,FEXLE INC.
1584,INSTINCTOOLS
1585,IT SVIT
1586,PROMX
1587,IT SVIT
1588,INSTINCTOOLS
1589,FUTURE PROCESSING
1590,PROMX
1591,INFOPULSE
1592,ADASTRA
1593,VRP CONSULTING
1594,INSTINCTOOLS
1595,VRP CONSULTING
1596,UNICSOFT
1597,INFOPULSE
1598,COMSENSE TECHNOLOGIES
1599,IT SVIT
1600,INFOPULSE
1601,ADASTRA
1602,IT SVIT
1603,PROMX
1604,FEXLE INC.
1605,JELVIX
1606,SOFTSERVE
1607,IT SVIT
1608,COMMENCIS
1609,LEMLOCK
1610,ADASTRA
1611,COMSENSE TECHNOLOGIES
1612,AVENGA
1613,CIKLUM
1614,AVENGA
1615,COMSENSE TECHNOLOGIES
1616,LEMLOCK
1617,JELVIX
1618,INSTINCTOOLS
1619,VRP CONSULTING
1620,FUTURE PROCESSING
1621,FEXLE INC.
1622,CIKLUM
1623,IT SVIT
1624,CIKLUM
1625,CIKLUM
1626,UNICSOFT
1627,FEXLE INC.
1628,VRP CONSULTING
1629,FEXLE INC.
1630,LEMLOCK
1631,LEMLOCK
1632,LEMLOCK
1633,COMMENCIS
1634,COMMENCIS
1635,FUTURE PROCESSING
1636,INFOPULSE
1637,SOFTSERVE
1638,ITEORA GMBH
1639,ITEORA GMBH
1640,IT SVIT
1641,SOFTSERVE
1642,AVENGA
1643,CIKLUM
1644,IT SVIT
1645,ELEKS
1646,CIKLUM
1647,SOFTSERVE
1648,ADASTRA
1649,ITEORA GMBH
1650,INFOPULSE
1651,COMSENSE TECHNOLOGIES
1652,THINKPORT GMBH
1653,JELVIX
1654,COMMENCIS
1655,INFOPULSE
1656,UNICSOFT
1657,UNICSOFT
1658,THINKPORT GMBH
1659,UNICSOFT
1660,FEXLE INC.
1661,FUTURE PROCESSING
1662,INFOPULSE
1663,ELEKS
1664,AVENGA
1665,VRP CONSULTING
1666,DATAART
1667,FUTURE PROCESSING
1668,DATAART
1669,INSTINCTOOLS
1670,THINKPORT GMBH
1671,COMSENSE TECHNOLOGIES
1672,FEXLE INC.
1673,THINKPORT GMBH
1674,DATAART
1675,INFOPULSE
1676,ITEORA GMBH
1677,THINKPORT GMBH
1678,THINKPORT GMBH
1679,JELVIX
1680,UNICSOFT
1681,ADASTRA
1682,ITEORA GMBH
1683,FUTURE PROCESSING
1684,COMSENSE TECHNOLOGIES
1685,PROMX
1686,UNICSOFT
1687,ITEORA GMBH
1688,VRP CONSULTING
1689,PROMX
1690,PROMX
1691,FUTURE PROCESSING
1692,ELEKS
1693,ADASTRA
1694,FEXLE INC.
1695,ADASTRA
1696,ADASTRA
1697,ELEKS
1698,DATAART
1699,ADASTRA
1700,FUTURE PROCESSING
1701,FUTURE PROCESSING
1702,ITEORA GMBH
1703,INSTINCTOOLS
1704,DATAART
1705,LEMLOCK
1706,SOFTSERVE
1707,VRP CONSULTING
1708,ELEKS
1709,CIKLUM
1710,CIKLUM
1711,FUTURE PROCESSING
1712,SOFTSERVE
1713,FEXLE INC.
1714,LEMLOCK
1715,VRP CONSULTING
1716,VRP CONSULTING
1717,CIKLUM
1718,IT SVIT
1719,FEXLE INC.
1720,INSTINCTOOLS
1721,ELEKS
1722,IT SVIT
1723,COMSENSE TECHNOLOGIES
1724,COMMENCIS
1725,FUTURE PROCESSING
1726,UNICSOFT
1727,FUTURE PROCESSING
1728,FUTURE PROCESSING
1729,COMMENCIS
1730,ADASTRA
1731,CIKLUM
1732,THINKPORT GMBH
1733,INSTINCTOOLS
1734,VRP CONSULTING
1735,VRP CONSULTING
1736,FEXLE INC.
1737,FUTURE PROCESSING
1738,DATAART
1739,THINKPORT GMBH
1740,SOFTSERVE
1741,JELVIX
1742,CIKLUM
1743,FUTURE PROCESSING
1744,ADASTRA
1745,DATAART
1746,FEXLE INC.
1747,INSTINCTOOLS
1748,COMSENSE TECHNOLOGIES
1749,SOFTSERVE
1750,LEMLOCK
1751,DATAART
1752,PROMX
1753,DATAART
1754,INSTINCTOOLS
1755,ADASTRA
1756,UNICSOFT
1757,DATAART
1758,ELEKS
1759,INSTINCTOOLS
1760,JELVIX
1761,INSTINCTOOLS
1762,AVENGA
1763,INSTINCTOOLS
1764,UNICSOFT
1765,JELVIX
1766,COMSENSE TECHNOLOGIES
1767,THINKPORT GMBH
1768,COMMENCIS
1769,ITEORA GMBH
1770,UNICSOFT
1771,JELVIX
1772,ITEORA GMBH
1773,ELEKS
1774,ADASTRA
1775,CIKLUM
1776,IT SVIT
1777,LEMLOCK
1778,VRP CONSULTING
1779,AVENGA
1780,JELVIX
1781,ITEORA GMBH
1782,JELVIX
1783,ITEORA GMBH
1784,ELEKS
1785,COMMENCIS
1786,IT SVIT
1787,COMMENCIS
1788,INSTINCTOOLS
1789,VRP CONSULTING
1790,THINKPORT GMBH
1791,PROMX
1792,INFOPULSE
1793,IT SVIT
1794,ITEORA GMBH
1795,ITEORA GMBH
1796,INFOPULSE
1797,INFOPULSE
1798,SOFTSERVE
1799,THINKPORT GMBH
1800,ADASTRA
1801,VRP CONSULTING
1802,COMSENSE TECHNOLOGIES
1803,INSTINCTOOLS
1804,ITEORA GMBH
1805,VRP CONSULTING
1806,INFOPULSE
1807,DATAART
1808,FUTURE PROCESSING
1809,CIKLUM
1810,COMSENSE TECHNOLOGIES
1811,AVENGA
1812,JELVIX
1813,THINKPORT GMBH
1814,COMMENCIS
1815,ADASTRA
1816,VRP CONSULTING
1817,IT SVIT
1818,FEXLE INC.
1819,IT SVIT
1820,INSTINCTOOLS
1821,COMSENSE TECHNOLOGIES
1822,ITEORA GMBH
1823,LEMLOCK
1824,INSTINCTOOLS
1825,JELVIX
1826,FEXLE INC.
1827,VRP CONSULTING
1828,CIKLUM
1829,JELVIX
1830,COMMENCIS
1831,ITEORA GMBH
1832,THINKPORT GMBH
1833,VRP CONSULTING
1834,LEMLOCK
1835,THINKPORT GMBH
1836,LEMLOCK
1837,FEXLE INC.
1838,THINKPORT GMBH
1839,AVENGA
1840,COMSENSE TECHNOLOGIES
1841,UNICSOFT
1842,THINKPORT GMBH
1843,ITEORA GMBH
1844,CIKLUM
1845,ELEKS
1846,ITEORA GMBH
1847,FUTURE PROCESSING
1848,DATAART
1849,IT SVIT
1850,ELEKS
1851,FEXLE INC.
1852,LEMLOCK
1853,ELEKS
1854,JELVIX
1855,VRP CONSULTING
1856,PROMX
1857,ELEKS
1858,PROMX
1859,VRP CONSULTING
1860,COMSENSE TECHNOLOGIES
1861,UNICSOFT
1862,FEXLE INC.
1863,VRP CONSULTING
1864,ADASTRA
1865,COMSENSE TECHNOLOGIES
1866,COMSENSE TECHNOLOGIES
1867,THINKPORT GMBH
1868,LEMLOCK
1869,SOFTSERVE
1870,LEMLOCK
1871,COMSENSE TECHNOLOGIES
1872,INFOPULSE
1873,ELEKS
1874,INFOPULSE
1875,COMSENSE TECHNOLOGIES
1876,DATAART
1877,CIKLUM
1878,CIKLUM
1879,PROMX
1880,IT SVIT
1881,INFOPULSE
1882,ADASTRA
1883,IT SVIT
1884,PROMX
1885,CIKLUM
1886,PROMX
1887,PROMX
1888,FEXLE INC.
1889,INSTINCTOOLS
1890,INSTINCTOOLS
1891,ELEKS
1892,ELEKS
1893,FEXLE INC.
1894,INFOPULSE
1895,JELVIX
1896,CIKLUM
1897,INFOPULSE
1898,ELEKS
1899,PROMX
1900,SOFTSERVE
1901,ADASTRA
1902,DATAART
1903,ITEORA GMBH
1904,SOFTSERVE
1905,COMSENSE TECHNOLOGIES
1906,THINKPORT GMBH
1907,ADASTRA
1908,UNICSOFT
1909,CIKLUM
1910,SOFTSERVE
1911,DATAART
1912,ELEKS
1913,SOFTSERVE
1914,PROMX
1915,CIKLUM
1916,VRP CONSULTING
1917,DATAART
1918,UNICSOFT
1919,INSTINCTOOLS
1920,FUTURE PROCESSING
1921,JELVIX
1922,ADASTRA
1923,SOFTSERVE
1924,SOFTSERVE
1925,FUTURE PROCESSING
1926,FUTURE PROCESSING
1927,ITEORA GMBH
1928,FEXLE INC.
1929,LEMLOCK
1930,AVENGA
1931,LEMLOCK
1932,AVENGA
1933,LEMLOCK
1934,FUTURE PROCESSING
1935,ELEKS
1936,INFOPULSE
1937,FUTURE PROCESSING
1938,FUTURE PROCESSING
1939,LEMLOCK
1940,THINKPORT GMBH
1941,CIKLUM
1942,PROMX
1943,FEXLE INC.
1944,ITEORA GMBH
1945,AVENGA
1946,ITEORA GMBH
1947,ELEKS
1948,VRP CONSULTING
1949,VRP CONSULTING
1950,LEMLOCK
1951,SOFTSERVE
1952,ITEORA GMBH
1953,VRP CONSULTING
1954,FEXLE INC.
1955,LEMLOCK
1956,FUTURE PROCESSING
1957,UNICSOFT
1958,DATAART
1959,DATAART
1960,IT SVIT
1961,INFOPULSE
1962,FEXLE INC.
1963,ELEKS
1964,INSTINCTOOLS
1965,CIKLUM
1966,UNICSOFT
1967,FEXLE INC.
1968,FEXLE INC.
1969,COMSENSE TECHNOLOGIES
1970,SOFTSERVE
1971,COMMENCIS
1972,INFOPULSE
1973,ADASTRA
1974,VRP CONSULTING
1975,SOFTSERVE
1976,COMSENSE TECHNOLOGIES
1977,FEXLE INC.
1978,VRP CONSULTING
1979,INSTINCTOOLS
1980,INFOPULSE
1981,UNICSOFT
1982,COMSENSE TECHNOLOGIES
1983,CIKLUM
1984,VRP CONSULTING
1985,UNICSOFT
1986,COMSENSE TECHNOLOGIES
1987,CIKLUM
1988,IT SVIT
1989,LEMLOCK
1990,LEMLOCK
1991,JELVIX
1992,AVENGA
1993,INFOPULSE
1994,AVENGA
1995,COMMENCIS
1996,ELEKS
1997,DATAART
1998,CIKLUM
1999,INFOPULSE
2000,INFOPULSE
2001,LEMLOCK
2002,COMMENCIS
2003,PROMX
2004,PROMX
2005,THINKPORT GMBH
2006,COMMENCIS
2007,INFOPULSE
2008,VRP CONSULTING
2009,SOFTSERVE
2010,ITEORA GMBH
2011,COMMENCIS
2012,JELVIX
2013,LEMLOCK
2014,ITEORA GMBH
2015,ITEORA GMBH
2016,UNICSOFT
2017,LEMLOCK
2018,INSTINCTOOLS
2019,INFOPULSE
2020,PROMX
2021,COMSENSE TECHNOLOGIES
2022,FUTURE PROCESSING
2023,INSTINCTOOLS
2024,AVENGA
2025,ADASTRA
2026,UNICSOFT
2027,COMSENSE TECHNOLOGIES
2028,ITEORA GMBH
2029,DATAART
2030,COMMENCIS
2031,JELVIX
2032,IT SVIT
2033,ITEORA GMBH
2034,PROMX
2035,THINKPORT GMBH
2036,VRP CONSULTING
2037,THINKPORT GMBH
2038,ITEORA GMBH
2039,VRP CONSULTING
2040,COMMENCIS
2041,ELEKS
2042,DATAART
2043,INFOPULSE
2044,ADASTRA
2045,SOFTSERVE
2046,CIKLUM
2047,UNICSOFT
2048,COMSENSE TECHNOLOGIES
2049,INSTINCTOOLS
2050,COMMENCIS
2051,INSTINCTOOLS
2052,LEMLOCK
2053,INFOPULSE
2054,AVENGA
2055,LEMLOCK
2056,FEXLE INC.
2057,FUTURE PROCESSING
2058,INSTINCTOOLS
2059,INSTINCTOOLS
2060,THINKPORT GMBH
2061,THINKPORT GMBH
2062,INSTINCTOOLS
2063,COMSENSE TECHNOLOGIES
2064,ADASTRA
2065,SOFTSERVE
2066,INFOPULSE
2067,INFOPULSE
2068,AVENGA
2069,VRP CONSULTING
2070,IT SVIT
2071,ELEKS
2072,INSTINCTOOLS
2073,PROMX
2074,COMMENCIS
2075,AVENGA
2076,THINKPORT GMBH
2077,LEMLOCK
2078,SOFTSERVE
2079,IT SVIT
2080,COMSENSE TECHNOLOGIES
2081,UNICSOFT
2082,COMMENCIS
2083,DATAART
2084,INFOPULSE
2085,DATAART
2086,FUTURE PROCESSING
2087,UNICSOFT
2088,DATAART
2089,SOFTSERVE
2090,INSTINCTOOLS
2091,INSTINCTOOLS
2092,JELVIX
2093,ELEKS
2094,ITEORA GMBH
2095,VRP CONSULTING
2096,INFOPULSE
2097,INFOPULSE
2098,IT SVIT
2099,FUTURE PROCESSING
2100,JELVIX
2101,THINKPORT GMBH
2102,JELVIX
2103,FEXLE INC.
2104,ELEKS
2105,DATAART
2106,INSTINCTOOLS
2107,SOFTSERVE
2108,VRP CONSULTING
2109,LEMLOCK
2110,FUTURE PROCESSING
2111,ELEKS
2112,DATAART
2113,ITEORA GMBH
2114,CIKLUM
2115,THINKPORT GMBH
2116,UNICSOFT
2117,COMMENCIS
2118,AVENGA
2119,COMMENCIS
2120,THINKPORT GMBH
2121,IT SVIT
2122,DATAART
2123,FEXLE INC.
2124,ADASTRA
2125,PROMX
2126,LEMLOCK
2127,PROMX
2128,VRP CONSULTING
2129,ADASTRA
2130,CIKLUM
2131,VRP CONSULTING
2132,FUTURE PROCESSING
2133,IT SVIT
2134,LEMLOCK
2135,FUTURE PROCESSING
2136,VRP CONSULTING
2137,PROMX
2138,VRP CONSULTING
2139,ELEKS
2140,COMMENCIS
2141,FEXLE INC.
2142,FUTURE PROCESSING
2143,ELEKS
2144,IT SVIT
2145,THINKPORT GMBH
2146,SOFTSERVE
2147,UNICSOFT
2148,LEMLOCK
2149,INFOPULSE
2150,INSTINCTOOLS
2151,IT SVIT
2152,ELEKS
2153,COMSENSE TECHNOLOGIES
2154,DATAART
2155,THINKPORT GMBH
2156,FEXLE INC.
2157,FEXLE INC.
2158,INSTINCTOOLS
2159,ADASTRA
2160,FUTURE PROCESSING
2161,AVENGA
2162,UNICSOFT
2163,INSTINCTOOLS
2164,FUTURE PROCESSING
2165,COMMENCIS
2166,LEMLOCK
2167,THINKPORT GMBH
2168,FEXLE INC.
2169,COMMENCIS
2170,ELEKS
2171,DATAART
2172,DATAART
2173,FUTURE PROCESSING
2174,DATAART
2175,INSTINCTOOLS
2176,ADASTRA
2177,FEXLE INC.
2178,AVENGA
2179,SOFTSERVE
2180,CIKLUM
2181,LEMLOCK
2182,THINKPORT GMBH
2183,VRP CONSULTING
2184,FUTURE PROCESSING
2185,ELEKS
2186,ELEKS
2187,CIKLUM
2188,ITEORA GMBH
2189,INSTINCTOOLS
2190,AVENGA
2191,ELEKS
2192,ELEKS
2193,CIKLUM
2194,ITEORA GMBH
2195,COMSENSE TECHNOLOGIES
2196,CIKLUM
2197,LEMLOCK
2198,ITEORA GMBH
2199,FEXLE INC.
2200,INSTINCTOOLS
2201,COMSENSE TECHNOLOGIES
2202,SOFTSERVE
2203,LEMLOCK
2204,THINKPORT GMBH
2205,UNICSOFT
2206,DATAART
2207,CIKLUM
2208,ITEORA GMBH
2209,ITEORA GMBH
2210,FUTURE PROCESSING
2211,JELVIX
2212,UNICSOFT
2213,VRP CONSULTING
2214,AVENGA
2215,THINKPORT GMBH
2216,SOFTSERVE
2217,COMMENCIS
2218,CIKLUM
2219,PROMX
2220,INSTINCTOOLS
2221,IT SVIT
2222,PROMX
2223,FUTURE PROCESSING
2224,IT SVIT
2225,JELVIX
2226,LEMLOCK
2227,FEXLE INC.
2228,COMSENSE TECHNOLOGIES
2229,UNICSOFT
2230,PROMX
2231,UNICSOFT
2232,VRP CONSULTING
2233,LEMLOCK
2234,LEMLOCK
2235,SOFTSERVE
2236,ADASTRA
2237,COMSENSE TECHNOLOGIES
2238,IT SVIT
2239,DATAART
2240,SOFTSERVE
2241,VRP CONSULTING
2242,SOFTSERVE
2243,COMSENSE TECHNOLOGIES
2244,INFOPULSE
2245,FUTURE PROCESSING
2246,IT SVIT
2247,JELVIX
2248,INSTINCTOOLS
2249,JELVIX
2250,DATAART
2251,FUTURE PROCESSING
2252,SOFTSERVE
2253,VRP CONSULTING
2254,FUTURE PROCESSING
2255,ITEORA GMBH
2256,FEXLE INC.
2257,THINKPORT GMBH
2258,INSTINCTOOLS
2259,FUTURE PROCESSING
2260,COMSENSE TECHNOLOGIES
2261,PROMX
2262,THINKPORT GMBH
2263,COMMENCIS
2264,INFOPULSE
2265,CIKLUM
2266,VRP CONSULTING
2267,FEXLE INC.
2268,AVENGA
2269,THINKPORT GMBH
2270,SOFTSERVE
2271,IT SVIT
2272,FUTURE PROCESSING
2273,FUTURE PROCESSING
2274,UNICSOFT
2275,COMSENSE TECHNOLOGIES
2276,AVENGA
2277,SOFTSERVE
2278,FUTURE PROCESSING
2279,LEMLOCK
2280,JELVIX
2281,CIKLUM
2282,INFOPULSE
2283,DATAART
2284,JELVIX
2285,INFOPULSE
2286,JELVIX
2287,DATAART
2288,IT SVIT
2289,ELEKS
2290,ADASTRA
2291,COMMENCIS
2292,CIKLUM
2293,THINKPORT GMBH
2294,COMSENSE TECHNOLOGIES
2295,VRP CONSULTING
2296,VRP CONSULTING
2297,AVENGA
2298,DATAART
2299,DATAART
2300,FEXLE INC.
2301,COMSENSE TECHNOLOGIES
2302,IT SVIT
2303,ELEKS
2304,JELVIX
2305,INFOPULSE
2306,ELEKS
2307,VRP CONSULTING
2308,VRP CONSULTING
2309,THINKPORT GMBH
2310,CIKLUM
2311,ADASTRA
2312,COMMENCIS
2313,THINKPORT GMBH
2314,DATAART
2315,THINKPORT GMBH
2316,DATAART
2317,SOFTSERVE
2318,ITEORA GMBH
2319,ITEORA GMBH
2320,ADASTRA
2321,UNICSOFT
2322,COMMENCIS
2323,JELVIX
2324,INFOPULSE
2325,AVENGA
2326,ADASTRA
2327,IT SVIT
2328,INSTINCTOOLS
2329,IT SVIT
2330,LEMLOCK
2331,THINKPORT GMBH
2332,COMMENCIS
2333,SOFTSERVE
2334,FUTURE PROCESSING
2335,LEMLOCK
2336,LEMLOCK
2337,FUTURE PROCESSING
2338,AVENGA
2339,ADASTRA
2340,IT SVIT
2341,LEMLOCK
2342,INFOPULSE
2343,COMSENSE TECHNOLOGIES
2344,DATAART
2345,CIKLUM
2346,IT SVIT
2347,DATAART
2348,ADASTRA
2349,VRP CONSULTING
2350,VRP CONSULTING
2351,UNICSOFT
2352,CIKLUM
2353,COMSENSE TECHNOLOGIES
2354,LEMLOCK
2355,DATAART
2356,JELVIX
2357,COMMENCIS
2358,UNICSOFT
2359,AVENGA
2360,VRP CONSULTING
2361,INFOPULSE
2362,FUTURE PROCESSING
2363,AVENGA
2364,INSTINCTOOLS
2365,CIKLUM
2366,VRP CONSULTING
2367,COMMENCIS
2368,AVENGA
2369,FEXLE INC.
2370,ITEORA GMBH
2371,FUTURE PROCESSING
2372,UNICSOFT
2373,INFOPULSE
2374,AVENGA
2375,ADASTRA
2376,INFOPULSE
2377,IT SVIT
2378,IT SVIT
2379,COMSENSE TECHNOLOGIES
2380,PROMX
2381,THINKPORT GMBH
2382,UNICSOFT
2383,IT SVIT
2384,COMMENCIS
2385,UNICSOFT
2386,ELEKS
2387,INFOPULSE
2388,INFOPULSE
2389,SOFTSERVE
2390,SOFTSERVE
2391,CIKLUM
2392,ITEORA GMBH
2393,INFOPULSE
2394,FEXLE INC.
2395,ELEKS
2396,FEXLE INC.
2397,DATAART
2398,LEMLOCK
2399,VRP CONSULTING
2400,FEXLE INC.
2401,COMSENSE TECHNOLOGIES
2402,COMSENSE TECHNOLOGIES
2403,PROMX
2404,LEMLOCK
2405,DATAART
2406,FEXLE INC.
2407,INFOPULSE
2408,FEXLE INC.
2409,VRP CONSULTING
2410,VRP CONSULTING
2411,CIKLUM
2412,CIKLUM
2413,DATAART
2414,INSTINCTOOLS
2415,COMSENSE TECHNOLOGIES
2416,JELVIX
2417,PROMX
2418,ITEORA GMBH
2419,CIKLUM
2420,INFOPULSE
2421,DATAART
2422,DATAART
2423,DATAART
2424,JELVIX
2425,COMMENCIS
2426,PROMX
2427,INSTINCTOOLS
2428,INFOPULSE
2429,ADASTRA
2430,FEXLE INC.
2431,IT SVIT
2432,THINKPORT GMBH
2433,JELVIX
2434,INSTINCTOOLS
2435,FUTURE PROCESSING
2436,IT SVIT
2437,LEMLOCK
2438,AVENGA
2439,PROMX
2440,CIKLUM
2441,UNICSOFT
2442,THINKPORT GMBH
2443,COMMENCIS
2444,VRP CONSULTING
2445,COMSENSE TECHNOLOGIES
2446,ELEKS
2447,ELEKS
2448,INSTINCTOOLS
2449,FUTURE PROCESSING
2450,INFOPULSE
2451,SOFTSERVE
2452,COMMENCIS
2453,JELVIX
2454,IT SVIT
2455,INSTINCTOOLS
2456,PROMX
2457,FUTURE PROCESSING
2458,COMMENCIS
2459,AVENGA
2460,COMSENSE TECHNOLOGIES
2461,ELEKS
2462,JELVIX
2463,IT SVIT
2464,COMMENCIS
2465,JELVIX
2466,ADASTRA
2467,COMSENSE TECHNOLOGIES
2468,VRP CONSULTING
2469,ITEORA GMBH
2470,SOFTSERVE
2471,INSTINCTOOLS
2472,ELEKS
2473,VRP CONSULTING
2474,COMMENCIS
2475,SOFTSERVE
2476,COMMENCIS
2477,ELEKS
2478,IT SVIT
2479,FUTURE PROCESSING
2480,FEXLE INC.
2481,CIKLUM
2482,THINKPORT GMBH
2483,UNICSOFT
2484,DATAART
2485,PROMX
2486,THINKPORT GMBH
2487,CIKLUM
2488,THINKPORT GMBH
2489,LEMLOCK
2490,DATAART
2491,DATAART
2492,SOFTSERVE
2493,SOFTSERVE
2494,JELVIX
2495,AVENGA
2496,IT SVIT
2497,VRP CONSULTING
2498,PROMX
2499,ELEKS
2500,IT SVIT
2501,UNICSOFT
2502,ITEORA GMBH
2503,FEXLE INC.
2504,VRP CONSULTING
2505,CIKLUM
2506,INSTINCTOOLS
2507,ITEORA GMBH
2508,INSTINCTOOLS
2509,COMSENSE TECHNOLOGIES
2510,JELVIX
2511,COMMENCIS
2512,ADASTRA
2513,INSTINCTOOLS
2514,VRP CONSULTING
2515,FUTURE PROCESSING
2516,CIKLUM
2517,ELEKS
2518,COMMENCIS
2519,ELEKS
2520,VRP CONSULTING
2521,PROMX
2522,VRP CONSULTING
2523,PROMX
2524,SOFTSERVE
2525,FUTURE PROCESSING
2526,AVENGA
2527,SOFTSERVE
2528,AVENGA
2529,THINKPORT GMBH
2530,INSTINCTOOLS
2531,DATAART
2532,COMSENSE TECHNOLOGIES
2533,ADASTRA
2534,FUTURE PROCESSING
2535,ADASTRA
2536,COMMENCIS
2537,PROMX
2538,JELVIX
2539,ADASTRA
2540,INFOPULSE
2541,INSTINCTOOLS
2542,AVENGA
2543,JELVIX
2544,SOFTSERVE
2545,IT SVIT
2546,DATAART
2547,SOFTSERVE
2548,UNICSOFT
2549,COMSENSE TECHNOLOGIES
2550,FUTURE PROCESSING
2551,COMMENCIS
2552,AVENGA
2553,COMSENSE TECHNOLOGIES
2554,IT SVIT
2555,ITEORA GMBH
2556,COMSENSE TECHNOLOGIES
2557,COMMENCIS
2558,THINKPORT GMBH
2559,IT SVIT
2560,PROMX
2561,ITEORA GMBH
2562,COMMENCIS
2563,AVENGA
2564,SOFTSERVE
2565,LEMLOCK
2566,PROMX
2567,AVENGA
2568,JELVIX
2569,ADASTRA
2570,LEMLOCK
2571,ADASTRA
2572,JELVIX
2573,COMSENSE TECHNOLOGIES
2574,IT SVIT
2575,AVENGA
2576,AVENGA
2577,INFOPULSE
2578,ITEORA GMBH
2579,IT SVIT
2580,INSTINCTOOLS
2581,SOFTSERVE
2582,JELVIX
2583,FEXLE INC.
2584,FUTURE PROCESSING
2585,COMMENCIS
2586,DATAART
2587,PROMX
2588,ADASTRA
2589,ITEORA GMBH
2590,LEMLOCK
2591,CIKLUM
2592,ELEKS
2593,CIKLUM
2594,UNICSOFT
2595,INSTINCTOOLS
2596,FUTURE PROCESSING
2597,FUTURE PROCESSING
2598,COMSENSE TECHNOLOGIES
2599,SOFTSERVE
2600,INSTINCTOOLS
2601,FUTURE PROCESSING
2602,ELEKS
2603,AVENGA
2604,ITEORA GMBH
2605,THINKPORT GMBH
2606,ADASTRA
2607,FEXLE INC.
2608,LEMLOCK
2609,FUTURE PROCESSING
2610,ELEKS
2611,DATAART
2612,LEMLOCK
2613,ITEORA GMBH
2614,CIKLUM
2615,SOFTSERVE
2616,UNICSOFT
2617,IT SVIT
2618,COMMENCIS
2619,INSTINCTOOLS
2620,INSTINCTOOLS
2621,PROMX
2622,DATAART
2623,ELEKS
2624,COMMENCIS
2625,LEMLOCK
2626,LEMLOCK
2627,VRP CONSULTING
2628,DATAART
2629,ELEKS
2630,FEXLE INC.
2631,CIKLUM
2632,INSTINCTOOLS
2633,THINKPORT GMBH
2634,JELVIX
2635,AVENGA
2636,COMMENCIS
2637,ELEKS
2638,FEXLE INC.
2639,VRP CONSULTING
2640,DATAART
2641,ELEKS
2642,UNICSOFT
2643,CIKLUM
2644,LEMLOCK
2645,JELVIX
2646,PROMX
2647,ELEKS
2648,AVENGA
2649,COMSENSE TECHNOLOGIES
2650,ELEKS
2651,COMMENCIS
2652,THINKPORT GMBH
2653,COMMENCIS
2654,COMSENSE TECHNOLOGIES
2655,DATAART
2656,THINKPORT GMBH
2657,IT SVIT
2658,ADASTRA
2659,PROMX
2660,DATAART
2661,FEXLE INC.
2662,PROMX
2663,ADASTRA
2664,FEXLE INC.
2665,DATAART
2666,FEXLE INC.
2667,IT SVIT
2668,INSTINCTOOLS
2669,CIKLUM
2670,DATAART
2671,LEMLOCK
2672,AVENGA
2673,CIKLUM
2674,DATAART
2675,COMSENSE TECHNOLOGIES
2676,FEXLE INC.
2677,ADASTRA
2678,FEXLE INC.
2679,IT SVIT
2680,FEXLE INC.
2681,FEXLE INC.
2682,THINKPORT GMBH
2683,CIKLUM
2684,AVENGA
2685,AVENGA
2686,UNICSOFT
2687,ADASTRA
2688,IT SVIT
2689,INSTINCTOOLS
2690,AVENGA
2691,INSTINCTOOLS
2692,FUTURE PROCESSING
2693,AVENGA
2694,VRP CONSULTING
2695,VRP CONSULTING
2696,CIKLUM
2697,PROMX
2698,LEMLOCK
2699,THINKPORT GMBH
2700,ITEORA GMBH
2701,LEMLOCK
2702,ADASTRA
2703,PROMX
2704,THINKPORT GMBH
2705,SOFTSERVE
2706,ADASTRA
2707,THINKPORT GMBH
2708,INSTINCTOOLS
2709,THINKPORT GMBH
2710,SOFTSERVE
2711,PROMX
2712,DATAART
2713,SOFTSERVE
2714,IT SVIT
2715,VRP CONSULTING
2716,ELEKS
2717,CIKLUM
2718,IT SVIT
2719,DATAART
2720,JELVIX
2721,VRP CONSULTING
2722,COMSENSE TECHNOLOGIES
2723,IT SVIT
2724,DATAART
2725,UNICSOFT
2726,VRP CONSULTING
2727,INFOPULSE
2728,COMSENSE TECHNOLOGIES
2729,FUTURE PROCESSING
2730,COMSENSE TECHNOLOGIES
2731,INSTINCTOOLS
2732,COMMENCIS
2733,INFOPULSE
2734,ADASTRA
2735,INFOPULSE
2736,FUTURE PROCESSING
2737,COMMENCIS
2738,FUTURE PROCESSING
2739,ITEORA GMBH
2740,SOFTSERVE
2741,PROMX
2742,FUTURE PROCESSING
2743,COMMENCIS
2744,INSTINCTOOLS
2745,JELVIX
2746,DATAART
2747,PROMX
2748,DATAART
2749,UNICSOFT
2750,DATAART
2751,FEXLE INC.
2752,AVENGA
2753,FUTURE PROCESSING
2754,COMMENCIS
2755,IT SVIT
2756,FUTURE PROCESSING
2757,UNICSOFT
2758,JELVIX
2759,INFOPULSE
2760,THINKPORT GMBH
2761,FUTURE PROCESSING
2762,IT SVIT
2763,UNICSOFT
2764,SOFTSERVE
2765,UNICSOFT
2766,PROMX
2767,PROMX
2768,VRP CONSULTING
2769,LEMLOCK
2770,SOFTSERVE
2771,ELEKS
2772,PROMX
2773,INFOPULSE
2774,DATAART
2775,CIKLUM
2776,LEMLOCK
2777,DATAART
2778,ADASTRA
2779,ITEORA GMBH
2780,SOFTSERVE
2781,JELVIX
2782,FEXLE INC.
2783,AVENGA
2784,AVENGA
2785,ADASTRA
2786,PROMX
2787,INSTINCTOOLS
2788,UNICSOFT
2789,INSTINCTOOLS
2790,ELEKS
2791,IT SVIT
2792,ADASTRA
2793,ELEKS
2794,UNICSOFT
2795,ITEORA GMBH
2796,UNICSOFT
2797,CIKLUM
2798,FUTURE PROCESSING
2799,COMMENCIS
2800,PROMX
2801,JELVIX
2802,FEXLE INC.
2803,FUTURE PROCESSING
2804,IT SVIT
2805,UNICSOFT
2806,DATAART
2807,ITEORA GMBH
2808,ADASTRA
2809,LEMLOCK
2810,INSTINCTOOLS
2811,LEMLOCK
2812,CIKLUM
2813,AVENGA
2814,UNICSOFT
2815,FEXLE INC.
2816,VRP CONSULTING
2817,SOFTSERVE
2818,COMSENSE TECHNOLOGIES
2819,ITEORA GMBH
2820,COMSENSE TECHNOLOGIES
2821,AVENGA
2822,DATAART
2823,AVENGA
2824,LEMLOCK
2825,AVENGA
2826,FEXLE INC.
2827,ITEORA GMBH
2828,PROMX
2829,INFOPULSE
2830,JELVIX
2831,IT SVIT
2832,ELEKS
2833,COMMENCIS
2834,ITEORA GMBH
2835,INFOPULSE
2836,COMSENSE TECHNOLOGIES
2837,INFOPULSE
2838,COMSENSE TECHNOLOGIES
2839,ADASTRA
2840,LEMLOCK
2841,JELVIX
2842,JELVIX
2843,VRP CONSULTING
2844,UNICSOFT
2845,ADASTRA
2846,COMMENCIS
2847,UNICSOFT
2848,INSTINCTOOLS
2849,ELEKS
2850,DATAART
2851,UNICSOFT
2852,INFOPULSE
2853,SOFTSERVE
2854,LEMLOCK
2855,IT SVIT
2856,COMSENSE TECHNOLOGIES
2857,INFOPULSE
2858,UNICSOFT
2859,CIKLUM
2860,UNICSOFT
2861,PROMX
2862,SOFTSERVE
2863,FUTURE PROCESSING
2864,VRP CONSULTING
2865,FUTURE PROCESSING
2866,ELEKS
2867,IT SVIT
2868,LEMLOCK
2869,SOFTSERVE
2870,CIKLUM
2871,COMSENSE TECHNOLOGIES
2872,ELEKS
2873,ADASTRA
2874,ELEKS
2875,COMSENSE TECHNOLOGIES
2876,PROMX
2877,AVENGA
2878,DATAART
2879,IT SVIT
2880,COMMENCIS
2881,AVENGA
2882,FEXLE INC.
2883,INSTINCTOOLS
2884,UNICSOFT
2885,INSTINCTOOLS
2886,AVENGA
2887,ITEORA GMBH
2888,ELEKS
2889,FEXLE INC.
2890,THINKPORT GMBH
2891,COMSENSE TECHNOLOGIES
2892,SOFTSERVE
2893,ITEORA GMBH
2894,VRP CONSULTING
2895,FUTURE PROCESSING
2896,ELEKS
2897,PROMX
2898,LEMLOCK
2899,COMMENCIS
2900,PROMX
2901,COMMENCIS
2902,ADASTRA
2903,COMMENCIS
2904,ITEORA GMBH
2905,ELEKS
2906,COMMENCIS
2907,ITEORA GMBH
2908,FUTURE PROCESSING
2909,SOFTSERVE
2910,CIKLUM
2911,UNICSOFT
2912,INSTINCTOOLS
2913,COMSENSE TECHNOLOGIES
2914,VRP CONSULTING
2915,JELVIX
2916,IT SVIT
2917,VRP CONSULTING
2918,LEMLOCK
2919,LEMLOCK
2920,AVENGA
2921,UNICSOFT
2922,JELVIX
2923,SOFTSERVE
2924,COMSENSE TECHNOLOGIES
2925,JELVIX
2926,ITEORA GMBH
2927,PROMX
2928,FEXLE INC.
2929,VRP CONSULTING
2930,INFOPULSE
2931,ITEORA GMBH
2932,DATAART
2933,DATAART
2934,INFOPULSE
2935,COMMENCIS
2936,COMSENSE TECHNOLOGIES
2937,DATAART
2938,FUTURE PROCESSING
2939,VRP CONSULTING
2940,COMSENSE TECHNOLOGIES
2941,CIKLUM
2942,FUTURE PROCESSING
2943,PROMX
2944,FEXLE INC.
2945,ADASTRA
2946,CIKLUM
2947,ITEORA GMBH
2948,ITEORA GMBH
2949,CIKLUM
2950,FUTURE PROCESSING
2951,FEXLE INC.
2952,FUTURE PROCESSING
2953,AVENGA
2954,INFOPULSE
2955,JELVIX
2956,PROMX
2957,COMMENCIS
2958,UNICSOFT
2959,DATAART
2960,VRP CONSULTING
2961,FUTURE PROCESSING
2962,THINKPORT GMBH
2963,THINKPORT GMBH
2964,PROMX
2965,DATAART
2966,ITEORA GMBH
2967,PROMX
2968,IT SVIT
2969,ELEKS
2970,INSTINCTOOLS
2971,PROMX
2972,AVENGA
2973,INSTINCTOOLS
2974,THINKPORT GMBH
2975,FUTURE PROCESSING
2976,DATAART
2977,PROMX
2978,LEMLOCK
2979,THINKPORT GMBH
2980,AVENGA
2981,INFOPULSE
2982,PROMX
2983,FUTURE PROCESSING
2984,ITEORA GMBH
2985,AVENGA
2986,CIKLUM
2987,ADASTRA
2988,ITEORA GMBH
2989,LEMLOCK
2990,AVENGA
2991,ITEORA GMBH
2992,FEXLE INC.
2993,PROMX
2994,ELEKS
2995,ELEKS
2996,FUTURE PROCESSING
2997,FUTURE PROCESSING
2998,AVENGA
2999,COMSENSE TECHNOLOGIES
3000,THINKPORT GMBH
3001,THINKPORT GMBH
3002,INFOPULSE
3003,CIKLUM
3004,ITEORA GMBH
3005,IT SVIT
3006,COMSENSE TECHNOLOGIES
3007,ELEKS
3008,AVENGA
3009,SOFTSERVE
3010,UNICSOFT
3011,DATAART
3012,THINKPORT GMBH
3013,COMMENCIS
3014,COMSENSE TECHNOLOGIES
3015,ELEKS
3016,LEMLOCK
3017,UNICSOFT
3018,JELVIX
3019,UNICSOFT
3020,PROMX
3021,INFOPULSE
3022,IT SVIT
3023,CIKLUM
3024,FUTURE PROCESSING
3025,COMSENSE TECHNOLOGIES
3026,SOFTSERVE
3027,INSTINCTOOLS
3028,CIKLUM
3029,ADASTRA
3030,FEXLE INC.
3031,AVENGA
3032,LEMLOCK
3033,ELEKS
3034,SOFTSERVE
3035,DATAART
3036,VRP CONSULTING
3037,ITEORA GMBH
3038,ITEORA GMBH
3039,FUTURE PROCESSING
3040,ITEORA GMBH
3041,AVENGA
3042,THINKPORT GMBH
3043,ADASTRA
3044,VRP CONSULTING
3045,IT SVIT
3046,CIKLUM
3047,ELEKS
3048,COMMENCIS
3049,THINKPORT GMBH
3050,PROMX
3051,VRP CONSULTING
3052,AVENGA
3053,IT SVIT
3054,SOFTSERVE
3055,FUTURE PROCESSING
3056,CIKLUM
3057,LEMLOCK
3058,FEXLE INC.
3059,CIKLUM
3060,ADASTRA
3061,FUTURE PROCESSING
3062,PROMX
3063,CIKLUM
3064,ITEORA GMBH
3065,UNICSOFT
3066,INSTINCTOOLS
3067,IT SVIT
3068,ELEKS
3069,JELVIX
3070,FUTURE PROCESSING
3071,VRP CONSULTING
3072,SOFTSERVE
3073,UNICSOFT
3074,ELEKS
3075,ITEORA GMBH
3076,FUTURE PROCESSING
3077,PROMX
3078,COMSENSE TECHNOLOGIES
3079,PROMX
3080,LEMLOCK
3081,FEXLE INC.
3082,LEMLOCK
3083,DATAART
3084,CIKLUM
3085,LEMLOCK
3086,DATAART
3087,ITEORA GMBH
3088,ELEKS
3089,INSTINCTOOLS
3090,UNICSOFT
3091,COMMENCIS
3092,PROMX
3093,ELEKS
3094,THINKPORT GMBH
3095,PROMX
3096,JELVIX
3097,ADASTRA
3098,ELEKS
3099,FEXLE INC.
3100,PROMX
3101,SOFTSERVE
3102,COMSENSE TECHNOLOGIES
3103,ADASTRA
3104,COMSENSE TECHNOLOGIES
3105,INFOPULSE
3106,DATAART
3107,FUTURE PROCESSING
3108,LEMLOCK
3109,INSTINCTOOLS
3110,INSTINCTOOLS
3111,DATAART
3112,JELVIX
3113,IT SVIT
3114,CIKLUM
3115,COMSENSE TECHNOLOGIES
3116,INFOPULSE
3117,UNICSOFT
3118,VRP CONSULTING
3119,COMSENSE TECHNOLOGIES
3120,ITEORA GMBH
3121,COMSENSE TECHNOLOGIES
3122,FEXLE INC.
3123,LEMLOCK
3124,COMSENSE TECHNOLOGIES
3125,INFOPULSE
3126,COMMENCIS
3127,ITEORA GMBH
3128,VRP CONSULTING
3129,SOFTSERVE
3130,FEXLE INC.
3131,JELVIX
3132,ADASTRA
3133,THINKPORT GMBH
3134,DATAART
3135,AVENGA
3136,ITEORA GMBH
3137,FEXLE INC.
3138,JELVIX
3139,PROMX
3140,INSTINCTOOLS
3141,LEMLOCK
3142,JELVIX
3143,INFOPULSE
3144,CIKLUM
3145,IT SVIT
3146,ADASTRA
3147,ITEORA GMBH
3148,COMSENSE TECHNOLOGIES
3149,INFOPULSE
3150,CIKLUM
3151,JELVIX
3152,JELVIX
3153,SOFTSERVE
3154,COMSENSE TECHNOLOGIES
3155,JELVIX
3156,ITEORA GMBH
3157,INSTINCTOOLS
3158,INSTINCTOOLS
3159,COMSENSE TECHNOLOGIES
3160,FEXLE INC.
3161,UNICSOFT
3162,ELEKS
3163,SOFTSERVE
3164,UNICSOFT
3165,INFOPULSE
3166,VRP CONSULTING
3167,AVENGA
3168,PROMX
3169,JELVIX
3170,COMSENSE TECHNOLOGIES
3171,SOFTSERVE
3172,FEXLE INC.
3173,PROMX
3174,VRP CONSULTING
3175,ELEKS
3176,IT SVIT
3177,ADASTRA
3178,COMMENCIS
3179,IT SVIT
3180,ELEKS
3181,SOFTSERVE
3182,AVENGA
3183,IT SVIT
3184,JELVIX
3185,ADASTRA
3186,COMSENSE TECHNOLOGIES
3187,FEXLE INC.
3188,IT SVIT
3189,UNICSOFT
3190,INSTINCTOOLS
3191,THINKPORT GMBH
3192,IT SVIT
3193,CIKLUM
3194,VRP CONSULTING
3195,LEMLOCK
3196,INSTINCTOOLS
3197,THINKPORT GMBH
3198,ITEORA GMBH
3199,FUTURE PROCESSING
3200,INFOPULSE
3201,INSTINCTOOLS
3202,COMMENCIS
3203,VRP CONSULTING
3204,FUTURE PROCESSING
3205,AVENGA
3206,ITEORA GMBH
3207,VRP CONSULTING
3208,FUTURE PROCESSING
3209,ELEKS
3210,ELEKS
3211,ITEORA GMBH
3212,COMMENCIS
3213,PROMX
3214,THINKPORT GMBH
3215,JELVIX
3216,FUTURE PROCESSING
3217,SOFTSERVE
3218,JELVIX
3219,VRP CONSULTING
3220,SOFTSERVE
3221,SOFTSERVE
3222,ADASTRA
3223,UNICSOFT
3224,CIKLUM
3225,AVENGA
3226,ELEKS
3227,INFOPULSE
3228,UNICSOFT
3229,ADASTRA
3230,THINKPORT GMBH
3231,PROMX
3232,ITEORA GMBH
3233,FUTURE PROCESSING
3234,COMSENSE TECHNOLOGIES
3235,COMSENSE TECHNOLOGIES
3236,CIKLUM
3237,PROMX
3238,THINKPORT GMBH
3239,VRP CONSULTING
3240,ELEKS
3241,FUTURE PROCESSING
3242,IT SVIT
3243,PROMX
3244,COMMENCIS
3245,ELEKS
3246,VRP CONSULTING
3247,UNICSOFT
3248,ELEKS
3249,INSTINCTOOLS
3250,DATAART
3251,ITEORA GMBH
3252,JELVIX
3253,ELEKS
3254,AVENGA
3255,THINKPORT GMBH
3256,DATAART
3257,AVENGA
3258,INFOPULSE
3259,CIKLUM
3260,UNICSOFT
3261,PROMX
3262,PROMX
3263,SOFTSERVE
3264,FEXLE INC.
3265,INFOPULSE
3266,FEXLE INC.
3267,IT SVIT
3268,ITEORA GMBH
3269,JELVIX
3270,ITEORA GMBH
3271,VRP CONSULTING
3272,COMSENSE TECHNOLOGIES
3273,VRP CONSULTING
3274,ADASTRA
3275,IT SVIT
3276,SOFTSERVE
3277,LEMLOCK
3278,LEMLOCK
3279,INFOPULSE
3280,IT SVIT
3281,ITEORA GMBH
3282,UNICSOFT
3283,FEXLE INC.
3284,THINKPORT GMBH
3285,COMSENSE TECHNOLOGIES
3286,AVENGA
3287,PROMX
3288,ADASTRA
3289,ELEKS
3290,ITEORA GMBH
3291,THINKPORT GMBH
3292,LEMLOCK
3293,ADASTRA
3294,COMSENSE TECHNOLOGIES
3295,COMSENSE TECHNOLOGIES
3296,JELVIX
3297,VRP CONSULTING
3298,JELVIX
3299,VRP CONSULTING
3300,ITEORA GMBH
3301,FUTURE PROCESSING
3302,COMMENCIS
3303,INSTINCTOOLS
3304,AVENGA
3305,COMMENCIS
3306,CIKLUM
3307,ADASTRA
3308,JELVIX
3309,JELVIX
3310,VRP CONSULTING
3311,FUTURE PROCESSING
3312,AVENGA
3313,JELVIX
3314,FUTURE PROCESSING
3315,FUTURE PROCESSING
3316,INSTINCTOOLS
3317,FEXLE INC.
3318,INSTINCTOOLS
3319,INFOPULSE
3320,THINKPORT GMBH
3321,INSTINCTOOLS
3322,ELEKS
3323,PROMX
3324,ADASTRA
3325,ITEORA GMBH
3326,JELVIX
3327,PROMX
3328,FUTURE PROCESSING
3329,INSTINCTOOLS
3330,COMSENSE TECHNOLOGIES
3331,FEXLE INC.
3332,LEMLOCK
3333,IT SVIT
3334,JELVIX
3335,ELEKS
3336,AVENGA
3337,INSTINCTOOLS
3338,THINKPORT GMBH
3339,ELEKS
3340,ITEORA GMBH
3341,COMSENSE TECHNOLOGIES
3342,IT SVIT
3343,VRP CONSULTING
3344,INFOPULSE
3345,DATAART
3346,CIKLUM
3347,COMMENCIS
3348,INFOPULSE
3349,CIKLUM
3350,LEMLOCK
3351,INFOPULSE
3352,UNICSOFT
3353,CIKLUM
3354,PROMX
3355,SOFTSERVE
3356,SOFTSERVE
3357,FUTURE PROCESSING
3358,FEXLE INC.
3359,FEXLE INC.
3360,CIKLUM
3361,INSTINCTOOLS
3362,JELVIX
3363,DATAART
3364,SOFTSERVE
3365,THINKPORT GMBH
3366,AVENGA
3367,COMMENCIS
3368,ITEORA GMBH
3369,UNICSOFT
3370,CIKLUM
3371,CIKLUM
3372,VRP CONSULTING
3373,ADASTRA
3374,INFOPULSE
3375,SOFTSERVE
3376,COMMENCIS
3377,PROMX
3378,ADASTRA
3379,ITEORA GMBH
3380,JELVIX
3381,IT SVIT
3382,JELVIX
3383,INSTINCTOOLS
3384,ADASTRA
3385,VRP CONSULTING
3386,ADASTRA
3387,PROMX
3388,PROMX
3389,CIKLUM
3390,ADASTRA
3391,ITEORA GMBH
3392,ITEORA GMBH
3393,CIKLUM
3394,JELVIX
3395,INSTINCTOOLS
3396,INSTINCTOOLS
3397,INSTINCTOOLS
3398,AVENGA
3399,FUTURE PROCESSING
3400,DATAART
3401,COMMENCIS
3402,THINKPORT GMBH
3403,THINKPORT GMBH
3404,ELEKS
3405,FUTURE PROCESSING
3406,IT SVIT
3407,COMSENSE TECHNOLOGIES
3408,UNICSOFT
3409,INFOPULSE
3410,PROMX
3411,SOFTSERVE
3412,THINKPORT GMBH
3413,SOFTSERVE
3414,JELVIX
3415,COMSENSE TECHNOLOGIES
3416,FEXLE INC.
3417,LEMLOCK
3418,FUTURE PROCESSING
3419,JELVIX
3420,DATAART
3421,AVENGA
3422,LEMLOCK
3423,LEMLOCK
3424,ELEKS
3425,UNICSOFT
3426,ELEKS
3427,INSTINCTOOLS
3428,ELEKS
3429,ELEKS
3430,THINKPORT GMBH
3431,THINKPORT GMBH
3432,AVENGA
3433,AVENGA
3434,JELVIX
3435,UNICSOFT
3436,DATAART
3437,FEXLE INC.
3438,COMMENCIS
3439,LEMLOCK
3440,SOFTSERVE
3441,JELVIX
3442,INSTINCTOOLS
3443,ELEKS
3444,ELEKS
3445,ELEKS
3446,FUTURE PROCESSING
3447,DATAART
3448,ELEKS
3449,COMMENCIS
3450,ITEORA GMBH
3451,IT SVIT
3452,FEXLE INC.
3453,THINKPORT GMBH
3454,COMMENCIS
3455,SOFTSERVE
3456,DATAART
3457,DATAART
3458,COMMENCIS
3459,CIKLUM
3460,LEMLOCK
3461,ADASTRA
3462,FEXLE INC.
3463,SOFTSERVE
3464,PROMX
3465,IT SVIT
3466,FEXLE INC.
3467,IT SVIT
3468,SOFTSERVE
3469,VRP CONSULTING
3470,FEXLE INC.
3471,SOFTSERVE
3472,AVENGA
3473,ADASTRA
3474,FEXLE INC.
3475,ITEORA GMBH
3476,PROMX
3477,LEMLOCK
3478,FEXLE INC.
3479,SOFTSERVE
3480,SOFTSERVE
3481,ELEKS
3482,SOFTSERVE
3483,AVENGA
3484,VRP CONSULTING
3485,ELEKS
3486,DATAART
3487,FEXLE INC.
3488,PROMX
3489,ELEKS
3490,INFOPULSE
3491,UNICSOFT
3492,ELEKS
3493,FEXLE INC.
3494,FUTURE PROCESSING
3495,JELVIX
3496,SOFTSERVE
3497,CIKLUM
3498,COMSENSE TECHNOLOGIES
3499,VRP CONSULTING
3500,SOFTSERVE
3501,ADASTRA
3502,COMSENSE TECHNOLOGIES
3503,AVENGA
3504,FEXLE INC.
3505,ITEORA GMBH
3506,FEXLE INC.
3507,COMMENCIS
3508,UNICSOFT
3509,PROMX
3510,ITEORA GMBH
3511,FUTURE PROCESSING
3512,INFOPULSE
3513,LEMLOCK
3514,INSTINCTOOLS
3515,JELVIX
3516,COMMENCIS
3517,FEXLE INC.
3518,SOFTSERVE
3519,COMSENSE TECHNOLOGIES
3520,COMMENCIS
3521,PROMX
3522,IT SVIT
3523,FEXLE INC.
3524,FEXLE INC.
3525,UNICSOFT
3526,INFOPULSE
3527,FUTURE PROCESSING
3528,LEMLOCK
3529,VRP CONSULTING
3530,PROMX
3531,ITEORA GMBH
3532,UNICSOFT
3533,JELVIX
3534,UNICSOFT
3535,IT SVIT
3536,UNICSOFT
3537,THINKPORT GMBH
3538,LEMLOCK
3539,IT SVIT
3540,PROMX
3541,PROMX
3542,SOFTSERVE
3543,INSTINCTOOLS
3544,COMMENCIS
3545,COMMENCIS
3546,ELEKS
3547,ADASTRA
3548,CIKLUM
3549,FEXLE INC.
3550,SOFTSERVE
3551,ELEKS
3552,IT SVIT
3553,INSTINCTOOLS
3554,UNICSOFT
3555,ITEORA GMBH
3556,IT SVIT
3557,ELEKS
3558,PROMX
3559,SOFTSERVE
3560,UNICSOFT
3561,COMMENCIS
3562,ELEKS
3563,FUTURE PROCESSING
3564,VRP CONSULTING
3565,FUTURE PROCESSING
3566,THINKPORT GMBH
3567,THINKPORT GMBH
3568,UNICSOFT
3569,IT SVIT
3570,PROMX
3571,INSTINCTOOLS
3572,COMSENSE TECHNOLOGIES
3573,UNICSOFT
3574,COMMENCIS
3575,COMMENCIS
3576,COMMENCIS
3577,JELVIX
3578,COMSENSE TECHNOLOGIES
3579,UNICSOFT
3580,THINKPORT GMBH
3581,THINKPORT GMBH
3582,FUTURE PROCESSING
3583,ADASTRA
3584,INSTINCTOOLS
3585,THINKPORT GMBH
3586,FUTURE PROCESSING
3587,COMMENCIS
3588,INFOPULSE
3589,IT SVIT
3590,UNICSOFT
3591,ELEKS
3592,IT SVIT
3593,JELVIX
3594,COMMENCIS
3595,AVENGA
3596,SOFTSERVE
3597,THINKPORT GMBH
3598,ADASTRA
3599,CIKLUM
3600,SOFTSERVE
3601,ADASTRA
3602,COMMENCIS
3603,COMSENSE TECHNOLOGIES
3604,AVENGA
3605,LEMLOCK
3606,VRP CONSULTING
3607,UNICSOFT
3608,PROMX
3609,LEMLOCK
3610,INSTINCTOOLS
3611,VRP CONSULTING
3612,FEXLE INC.
3613,ELEKS
3614,UNICSOFT
3615,IT SVIT
3616,LEMLOCK
3617,PROMX
3618,UNICSOFT
3619,DATAART
3620,LEMLOCK
3621,FUTURE PROCESSING
3622,PROMX
3623,FEXLE INC.
3624,ELEKS
3625,THINKPORT GMBH
3626,ELEKS
3627,UNICSOFT
3628,JELVIX
3629,IT SVIT
3630,UNICSOFT
3631,INFOPULSE
3632,AVENGA
3633,FEXLE INC.
3634,ITEORA GMBH
3635,LEMLOCK
3636,LEMLOCK
3637,AVENGA
3638,ELEKS
3639,INFOPULSE
3640,IT SVIT
3641,ADASTRA
3642,INFOPULSE
3643,VRP CONSULTING
3644,COMSENSE TECHNOLOGIES
3645,FUTURE PROCESSING
3646,ITEORA GMBH
3647,IT SVIT
3648,DATAART
3649,JELVIX
3650,SOFTSERVE
3651,JELVIX
3652,ELEKS
3653,DATAART
3654,ADASTRA
3655,COMMENCIS
3656,ITEORA GMBH
3657,ITEORA GMBH
3658,FEXLE INC.
3659,COMMENCIS
3660,VRP CONSULTING
3661,PROMX
3662,INSTINCTOOLS
3663,INSTINCTOOLS
3664,ITEORA GMBH
3665,FEXLE INC.
3666,DATAART
3667,LEMLOCK
3668,JELVIX
3669,IT SVIT
3670,INSTINCTOOLS
3671,AVENGA
3672,COMMENCIS
3673,ADASTRA
3674,COMMENCIS
3675,FEXLE INC.
3676,VRP CONSULTING
3677,ADASTRA
3678,LEMLOCK
3679,DATAART
3680,DATAART
3681,UNICSOFT
3682,INFOPULSE
3683,FUTURE PROCESSING
3684,ADASTRA
3685,LEMLOCK
3686,PROMX
3687,JELVIX
3688,UNICSOFT
3689,VRP CONSULTING
3690,IT SVIT
3691,VRP CONSULTING
3692,INSTINCTOOLS
3693,FEXLE INC.
3694,SOFTSERVE
3695,AVENGA
3696,PROMX
3697,JELVIX
3698,INSTINCTOOLS
3699,FEXLE INC.
3700,CIKLUM
3701,DATAART
3702,INSTINCTOOLS
3703,COMMENCIS
3704,LEMLOCK
3705,THINKPORT GMBH
3706,CIKLUM
3707,ITEORA GMBH
3708,ITEORA GMBH
3709,ADASTRA
3710,VRP CONSULTING
3711,VRP CONSULTING
3712,IT SVIT
3713,UNICSOFT
3714,CIKLUM
3715,VRP CONSULTING
3716,FUTURE PROCESSING
3717,ELEKS
3718,COMMENCIS
3719,INFOPULSE
3720,UNICSOFT
3721,FUTURE PROCESSING
3722,PROMX
3723,CIKLUM
3724,PROMX
3725,COMMENCIS
3726,PROMX
3727,SOFTSERVE
3728,ADASTRA
3729,COMSENSE TECHNOLOGIES
3730,FEXLE INC.
3731,CIKLUM
3732,COMSENSE TECHNOLOGIES
3733,SOFTSERVE
3734,SOFTSERVE
3735,FEXLE INC.
3736,COMSENSE TECHNOLOGIES
3737,IT SVIT
3738,CIKLUM
3739,UNICSOFT
3740,ADASTRA
3741,COMSENSE TECHNOLOGIES
3742,FEXLE INC.
3743,JELVIX
3744,ELEKS
3745,FUTURE PROCESSING
3746,FEXLE INC.
3747,UNICSOFT
3748,IT SVIT
3749,VRP CONSULTING
3750,PROMX
3751,COMSENSE TECHNOLOGIES
3752,VRP CONSULTING
3753,AVENGA
3754,JELVIX
3755,FUTURE PROCESSING
3756,AVENGA
3757,CIKLUM
3758,FEXLE INC.
3759,COMMENCIS
3760,CIKLUM
3761,JELVIX
3762,INFOPULSE
3763,ELEKS
3764,INFOPULSE
3765,THINKPORT GMBH
3766,INFOPULSE
3767,ADASTRA
3768,IT SVIT
3769,SOFTSERVE
3770,FEXLE INC.
3771,IT SVIT
3772,THINKPORT GMBH
3773,THINKPORT GMBH
3774,UNICSOFT
3775,DATAART
3776,THINKPORT GMBH
3777,VRP CONSULTING
3778,IT SVIT
3779,JELVIX
3780,ELEKS
3781,UNICSOFT
3782,ITEORA GMBH
3783,SOFTSERVE
3784,ADASTRA
3785,PROMX
3786,FUTURE PROCESSING
3787,INSTINCTOOLS
3788,INFOPULSE
3789,SOFTSERVE
3790,AVENGA
3791,JELVIX
3792,COMSENSE TECHNOLOGIES
3793,FEXLE INC.
3794,COMMENCIS
3795,ITEORA GMBH
3796,IT SVIT
3797,IT SVIT
3798,FUTURE PROCESSING
3799,ADASTRA
3800,JELVIX
3801,THINKPORT GMBH
3802,SOFTSERVE
3803,LEMLOCK
3804,JELVIX
3805,AVENGA
3806,JELVIX
3807,THINKPORT GMBH
3808,INSTINCTOOLS
3809,DATAART
3810,JELVIX
3811,INFOPULSE
3812,CIKLUM
3813,FUTURE PROCESSING
3814,ELEKS
3815,AVENGA
3816,JELVIX
3817,UNICSOFT
3818,FUTURE PROCESSING
3819,LEMLOCK
3820,DATAART
3821,INSTINCTOOLS
3822,INSTINCTOOLS
3823,INFOPULSE
3824,JELVIX
3825,THINKPORT GMBH
3826,PROMX
3827,PROMX
3828,COMMENCIS
3829,COMMENCIS
3830,ADASTRA
3831,THINKPORT GMBH
3832,COMSENSE TECHNOLOGIES
3833,SOFTSERVE
3834,UNICSOFT
3835,FUTURE PROCESSING
3836,COMMENCIS
3837,UNICSOFT
3838,DATAART
3839,ELEKS
3840,IT SVIT
3841,CIKLUM
3842,UNICSOFT
3843,COMSENSE TECHNOLOGIES
3844,AVENGA
3845,DATAART
3846,INFOPULSE
3847,AVENGA
3848,COMMENCIS
3849,JELVIX
3850,INFOPULSE
3851,THINKPORT GMBH
3852,ADASTRA
3853,THINKPORT GMBH
3854,ITEORA GMBH
3855,JELVIX
3856,INFOPULSE
3857,VRP CONSULTING
3858,JELVIX
3859,COMMENCIS
3860,VRP CONSULTING
3861,COMMENCIS
3862,UNICSOFT
3863,DATAART
3864,COMMENCIS
3865,ELEKS
3866,VRP CONSULTING
3867,INSTINCTOOLS
3868,ELEKS
3869,UNICSOFT
3870,INSTINCTOOLS
3871,ITEORA GMBH
3872,THINKPORT GMBH
3873,INSTINCTOOLS
3874,INSTINCTOOLS
3875,DATAART
3876,INSTINCTOOLS
3877,FUTURE PROCESSING
3878,CIKLUM
3879,VRP CONSULTING
3880,CIKLUM
3881,ITEORA GMBH
3882,COMSENSE TECHNOLOGIES
3883,FEXLE INC.
3884,JELVIX
3885,INFOPULSE
3886,UNICSOFT
3887,VRP CONSULTING
3888,SOFTSERVE
3889,PROMX
3890,IT SVIT
3891,ITEORA GMBH
3892,ELEKS
3893,SOFTSERVE
3894,DATAART
3895,DATAART
3896,PROMX
3897,CIKLUM
3898,ELEKS
3899,INSTINCTOOLS
3900,COMMENCIS
3901,UNICSOFT
3902,SOFTSERVE
3903,ELEKS
3904,ELEKS
3905,INFOPULSE
3906,DATAART
3907,CIKLUM
3908,AVENGA
3909,FEXLE INC.
3910,ADASTRA
3911,IT SVIT
3912,ADASTRA
3913,INFOPULSE
3914,FEXLE INC.
3915,ELEKS
3916,DATAART
3917,DATAART
3918,COMSENSE TECHNOLOGIES
3919,JELVIX
3920,COMSENSE TECHNOLOGIES
3921,CIKLUM
3922,ELEKS
3923,INSTINCTOOLS
3924,IT SVIT
3925,THINKPORT GMBH
3926,VRP CONSULTING
3927,INSTINCTOOLS
3928,VRP CONSULTING
3929,UNICSOFT
3930,SOFTSERVE
3931,CIKLUM
3932,SOFTSERVE
3933,THINKPORT GMBH
3934,INSTINCTOOLS
3935,SOFTSERVE
3936,COMSENSE TECHNOLOGIES
3937,LEMLOCK
3938,INFOPULSE
3939,DATAART
3940,THINKPORT GMBH
3941,ADASTRA
3942,SOFTSERVE
3943,ELEKS
3944,ITEORA GMBH
3945,INFOPULSE
3946,SOFTSERVE
3947,DATAART
3948,INSTINCTOOLS
3949,SOFTSERVE
3950,CIKLUM
3951,IT SVIT
3952,FUTURE PROCESSING
3953,FEXLE INC.
3954,UNICSOFT
3955,AVENGA
3956,LEMLOCK
3957,LEMLOCK
3958,UNICSOFT
3959,IT SVIT
3960,COMMENCIS
3961,FEXLE INC.
3962,FEXLE INC.
3963,LEMLOCK
3964,THINKPORT GMBH
3965,INSTINCTOOLS
3966,DATAART
3967,CIKLUM
3968,INFOPULSE
3969,ITEORA GMBH
3970,FUTURE PROCESSING
3971,INFOPULSE
3972,THINKPORT GMBH
3973,ADASTRA
3974,COMMENCIS
3975,AVENGA
3976,ADASTRA
3977,JELVIX
3978,VRP CONSULTING
3979,ADASTRA
3980,ADASTRA
3981,AVENGA
3982,FUTURE PROCESSING
3983,ELEKS
3984,UNICSOFT
3985,INFOPULSE
3986,INFOPULSE
3987,INFOPULSE
3988,UNICSOFT
3989,COMMENCIS
3990,FUTURE PROCESSING
3991,COMMENCIS
3992,LEMLOCK
3993,INSTINCTOOLS
3994,IT SVIT
3995,IT SVIT
3996,INFOPULSE
3997,COMMENCIS
3998,ADASTRA
3999,SOFTSERVE
4000,ELEKS
4001,LEMLOCK
4002,LEMLOCK
4003,COMSENSE TECHNOLOGIES
4004,FUTURE PROCESSING
4005,VRP CONSULTING
4006,PROMX
4007,ADASTRA
4008,PROMX
4009,IT SVIT
4010,THINKPORT GMBH
4011,IT SVIT
4012,INFOPULSE
4013,PROMX
4014,ADASTRA
4015,ELEKS
4016,ITEORA GMBH
4017,JELVIX
4018,INSTINCTOOLS
4019,COMMENCIS
4020,IT SVIT
4021,LEMLOCK
4022,INFOPULSE
4023,IT SVIT
4024,ADASTRA
4025,UNICSOFT
4026,FUTURE PROCESSING
4027,INSTINCTOOLS
4028,JELVIX
4029,INSTINCTOOLS
4030,THINKPORT GMBH
4031,COMMENCIS
4032,JELVIX
4033,LEMLOCK
4034,CIKLUM
4035,SOFTSERVE
4036,COMSENSE TECHNOLOGIES
4037,JELVIX
4038,VRP CONSULTING
4039,FUTURE PROCESSING
4040,INSTINCTOOLS
4041,ADASTRA
4042,INSTINCTOOLS
4043,LEMLOCK
4044,AVENGA
4045,INFOPULSE
4046,COMMENCIS
4047,INFOPULSE
4048,COMMENCIS
4049,COMSENSE TECHNOLOGIES
4050,COMMENCIS
4051,IT SVIT
4052,CIKLUM
4053,LEMLOCK
4054,LEMLOCK
4055,THINKPORT GMBH
4056,ELEKS
4057,UNICSOFT
4058,COMSENSE TECHNOLOGIES
4059,FUTURE PROCESSING
4060,CIKLUM
4061,SOFTSERVE
4062,PROMX
4063,VRP CONSULTING
4064,CIKLUM
4065,ELEKS
4066,LEMLOCK
4067,DATAART
4068,FEXLE INC.
4069,ITEORA GMBH
4070,DATAART
4071,VRP CONSULTING
4072,INSTINCTOOLS
4073,INSTINCTOOLS
4074,FEXLE INC.
4075,DATAART
4076,INSTINCTOOLS
4077,FEXLE INC.
4078,FUTURE PROCESSING
4079,JELVIX
4080,DATAART
4081,IT SVIT
4082,FEXLE INC.
4083,PROMX
4084,FEXLE INC.
4085,ELEKS
4086,SOFTSERVE
4087,UNICSOFT
4088,INFOPULSE
4089,VRP CONSULTING
4090,COMMENCIS
4091,INFOPULSE
4092,IT SVIT
4093,PROMX
4094,UNICSOFT
4095,CIKLUM
4096,ELEKS
4097,COMMENCIS
4098,LEMLOCK
4099,COMMENCIS
4100,IT SVIT
4101,ELEKS
4102,DATAART
4103,THINKPORT GMBH
4104,UNICSOFT
4105,DATAART
4106,JELVIX
4107,COMSENSE TECHNOLOGIES
4108,LEMLOCK
4109,FEXLE INC.
4110,SOFTSERVE
4111,ELEKS
4112,INSTINCTOOLS
4113,INSTINCTOOLS
4114,FEXLE INC.
4115,VRP CONSULTING
4116,PROMX
4117,ADASTRA
4118,LEMLOCK
4119,IT SVIT
4120,DATAART
4121,DATAART
4122,THINKPORT GMBH
4123,INFOPULSE
4124,COMSENSE TECHNOLOGIES
4125,THINKPORT GMBH
4126,VRP CONSULTING
4127,COMSENSE TECHNOLOGIES
4128,JELVIX
4129,PROMX
4130,CIKLUM
4131,ITEORA GMBH
4132,AVENGA
4133,UNICSOFT
4134,INFOPULSE
4135,UNICSOFT
4136,JELVIX
4137,PROMX
4138,ITEORA GMBH
4139,AVENGA
4140,AVENGA
4141,FUTURE PROCESSING
4142,ELEKS
4143,PROMX
4144,UNICSOFT
4145,LEMLOCK
4146,THINKPORT GMBH
4147,COMSENSE TECHNOLOGIES
4148,JELVIX
4149,UNICSOFT
4150,INSTINCTOOLS
4151,VRP CONSULTING
4152,ADASTRA
4153,COMSENSE TECHNOLOGIES
4154,CIKLUM
4155,JELVIX
4156,AVENGA
4157,INSTINCTOOLS
4158,ELEKS
4159,COMMENCIS
4160,PROMX
4161,SOFTSERVE
4162,PROMX
4163,SOFTSERVE
4164,ITEORA GMBH
4165,DATAART
4166,UNICSOFT
4167,PROMX
4168,AVENGA
4169,CIKLUM
4170,INFOPULSE
4171,ITEORA GMBH
4172,COMMENCIS
4173,FUTURE PROCESSING
4174,COMMENCIS
4175,IT SVIT
4176,IT SVIT
4177,UNICSOFT
4178,THINKPORT GMBH
4179,LEMLOCK
4180,THINKPORT GMBH
4181,FUTURE PROCESSING
4182,FEXLE INC.
4183,LEMLOCK
4184,INFOPULSE
4185,AVENGA
4186,UNICSOFT
4187,PROMX
4188,FEXLE INC.
4189,IT SVIT
4190,PROMX
4191,LEMLOCK
4192,ITEORA GMBH
4193,LEMLOCK
4194,COMMENCIS
4195,IT SVIT
4196,FEXLE INC.
4197,ITEORA GMBH
4198,FUTURE PROCESSING
4199,AVENGA
4200,CIKLUM
4201,LEMLOCK
4202,VRP CONSULTING
4203,INFOPULSE
4204,COMMENCIS
4205,ADASTRA
4206,INSTINCTOOLS
4207,FEXLE INC.
4208,SOFTSERVE
4209,INSTINCTOOLS
4210,THINKPORT GMBH
4211,FEXLE INC.
4212,INSTINCTOOLS
4213,COMSENSE TECHNOLOGIES
4214,JELVIX
4215,FUTURE PROCESSING
4216,VRP CONSULTING
4217,DATAART
4218,FUTURE PROCESSING
4219,COMMENCIS
4220,ITEORA GMBH
4221,THINKPORT GMBH
4222,PROMX
4223,AVENGA
4224,INSTINCTOOLS
4225,ITEORA GMBH
4226,DATAART
4227,COMMENCIS
4228,PROMX
4229,IT SVIT
4230,LEMLOCK
4231,DATAART
4232,ADASTRA
4233,ELEKS
4234,ITEORA GMBH
4235,VRP CONSULTING
4236,SOFTSERVE
4237,DATAART
4238,IT SVIT
4239,LEMLOCK
4240,FUTURE PROCESSING
4241,JELVIX
4242,PROMX
4243,JELVIX
4244,THINKPORT GMBH
4245,INSTINCTOOLS
4246,ADASTRA
4247,ITEORA GMBH
4248,INFOPULSE
4249,ELEKS
4250,INFOPULSE
4251,CIKLUM
4252,INSTINCTOOLS
4253,SOFTSERVE
4254,IT SVIT
4255,INSTINCTOOLS
4256,ITEORA GMBH
4257,INFOPULSE
4258,LEMLOCK
4259,UNICSOFT
4260,LEMLOCK
4261,SOFTSERVE
4262,AVENGA
4263,UNICSOFT
4264,ITEORA GMBH
4265,PROMX
4266,DATAART
4267,ADASTRA
4268,INFOPULSE
4269,INSTINCTOOLS
4270,FEXLE INC.
4271,COMMENCIS
4272,FEXLE INC.
4273,IT SVIT
4274,THINKPORT GMBH
4275,SOFTSERVE
4276,ADASTRA
4277,FEXLE INC.
4278,IT SVIT
4279,UNICSOFT
4280,FUTURE PROCESSING
4281,ITEORA GMBH
4282,ADASTRA
4283,ITEORA GMBH
4284,IT SVIT
4285,JELVIX
4286,ADASTRA
4287,FEXLE INC.
4288,DATAART
4289,AVENGA
4290,THINKPORT GMBH
4291,COMMENCIS
4292,PROMX
4293,ELEKS
4294,ADASTRA
4295,AVENGA
4296,COMMENCIS
4297,FUTURE PROCESSING
4298,UNICSOFT
4299,LEMLOCK
4300,ELEKS
4301,THINKPORT GMBH
4302,ITEORA GMBH
4303,IT SVIT
4304,PROMX
4305,COMMENCIS
4306,THINKPORT GMBH
4307,COMMENCIS
4308,SOFTSERVE
4309,AVENGA
4310,VRP CONSULTING
4311,INFOPULSE
4312,FEXLE INC.
4313,PROMX
4314,PROMX
4315,FUTURE PROCESSING
4316,INSTINCTOOLS
4317,PROMX
4318,COMMENCIS
4319,ADASTRA
4320,UNICSOFT
4321,FUTURE PROCESSING
4322,ADASTRA
4323,PROMX
4324,IT SVIT
4325,COMMENCIS
4326,VRP CONSULTING
4327,COMSENSE TECHNOLOGIES
4328,CIKLUM
4329,CIKLUM
4330,ELEKS
4331,JELVIX
4332,VRP CONSULTING
4333,SOFTSERVE
4334,INSTINCTOOLS
4335,ELEKS
4336,IT SVIT
4337,CIKLUM
4338,ELEKS
4339,AVENGA
4340,AVENGA
4341,ITEORA GMBH
4342,INSTINCTOOLS
4343,VRP CONSULTING
4344,PROMX
4345,VRP CONSULTING
4346,DATAART
4347,FUTURE PROCESSING
4348,PROMX
4349,THINKPORT GMBH
4350,FEXLE INC.
4351,FUTURE PROCESSING
4352,FUTURE PROCESSING
4353,ELEKS
4354,DATAART
4355,ITEORA GMBH
4356,INSTINCTOOLS
4357,FEXLE INC.
4358,ADASTRA
4359,ITEORA GMBH
4360,FUTURE PROCESSING
4361,PROMX
4362,THINKPORT GMBH
4363,SOFTSERVE
4364,UNICSOFT
4365,CIKLUM
4366,PROMX
4367,FEXLE INC.
4368,PROMX
4369,INSTINCTOOLS
4370,CIKLUM
4371,SOFTSERVE
4372,ELEKS
4373,SOFTSERVE
4374,INSTINCTOOLS
4375,FUTURE PROCESSING
4376,VRP CONSULTING
4377,IT SVIT
4378,VRP CONSULTING
4379,COMMENCIS
4380,CIKLUM
4381,FEXLE INC.
4382,AVENGA
4383,ADASTRA
4384,COMMENCIS
4385,ELEKS
4386,FUTURE PROCESSING
4387,IT SVIT
4388,FEXLE INC.
4389,SOFTSERVE
4390,ADASTRA
4391,JELVIX
4392,CIKLUM
4393,COMSENSE TECHNOLOGIES
4394,FEXLE INC.
4395,UNICSOFT
4396,UNICSOFT
4397,FEXLE INC.
4398,JELVIX
4399,COMSENSE TECHNOLOGIES
4400,SOFTSERVE
4401,COMSENSE TECHNOLOGIES
4402,COMMENCIS
4403,PROMX
4404,ITEORA GMBH
4405,INFOPULSE
4406,CIKLUM
4407,IT SVIT
4408,COMMENCIS
4409,CIKLUM
4410,THINKPORT GMBH
4411,ITEORA GMBH
4412,ELEKS
4413,IT SVIT
4414,CIKLUM
4415,COMMENCIS
4416,LEMLOCK
4417,COMMENCIS
4418,COMSENSE TECHNOLOGIES
4419,FEXLE INC.
4420,FUTURE PROCESSING
4421,DATAART
4422,COMMENCIS
4423,AVENGA
4424,INFOPULSE
4425,JELVIX
4426,CIKLUM
4427,SOFTSERVE
4428,COMMENCIS
4429,ADASTRA
4430,ELEKS
4431,THINKPORT GMBH
4432,INSTINCTOOLS
4433,IT SVIT
4434,THINKPORT GMBH
4435,AVENGA
4436,PROMX
4437,VRP CONSULTING
4438,SOFTSERVE
4439,JELVIX
4440,INSTINCTOOLS
4441,UNICSOFT
4442,VRP CONSULTING
4443,FEXLE INC.
4444,CIKLUM
4445,ELEKS
4446,SOFTSERVE
4447,JELVIX
4448,INFOPULSE
4449,JELVIX
4450,SOFTSERVE
4451,ITEORA GMBH
4452,INFOPULSE
4453,UNICSOFT
4454,AVENGA
4455,DATAART
4456,SOFTSERVE
4457,FUTURE PROCESSING
4458,INSTINCTOOLS
4459,JELVIX
4460,INFOPULSE
4461,INSTINCTOOLS
4462,VRP CONSULTING
4463,PROMX
4464,THINKPORT GMBH
4465,LEMLOCK
4466,FEXLE INC.
4467,VRP CONSULTING
4468,ADASTRA
4469,AVENGA
4470,ELEKS
4471,IT SVIT
4472,FEXLE INC.
4473,COMMENCIS
4474,PROMX
4475,ITEORA GMBH
4476,INSTINCTOOLS
4477,INSTINCTOOLS
4478,DATAART
4479,JELVIX
4480,SOFTSERVE
4481,INFOPULSE
4482,FUTURE PROCESSING
4483,COMSENSE TECHNOLOGIES
4484,LEMLOCK
4485,SOFTSERVE
4486,PROMX
4487,AVENGA
4488,INFOPULSE
4489,FUTURE PROCESSING
4490,LEMLOCK
4491,THINKPORT GMBH
4492,VRP CONSULTING
4493,ITEORA GMBH
4494,CIKLUM
4495,JELVIX
4496,COMSENSE TECHNOLOGIES
4497,JELVIX
4498,AVENGA
4499,ADASTRA
4500,PROMX
4501,UNICSOFT
4502,COMMENCIS
4503,PROMX
4504,FEXLE INC.
4505,SOFTSERVE
4506,PROMX
4507,JELVIX
4508,AVENGA
4509,LEMLOCK
4510,ELEKS
4511,ITEORA GMBH
4512,THINKPORT GMBH
4513,INSTINCTOOLS
4514,AVENGA
4515,PROMX
4516,COMSENSE TECHNOLOGIES
4517,ADASTRA
4518,ADASTRA
4519,DATAART
4520,JELVIX
4521,AVENGA
4522,ELEKS
4523,AVENGA
4524,CIKLUM
4525,DATAART
4526,CIKLUM
4527,DATAART
4528,SOFTSERVE
4529,PROMX
4530,FEXLE INC.
4531,COMSENSE TECHNOLOGIES
4532,PROMX
4533,IT SVIT
4534,THINKPORT GMBH
4535,ADASTRA
4536,CIKLUM
4537,FEXLE INC.
4538,INFOPULSE
4539,THINKPORT GMBH
4540,UNICSOFT
4541,CIKLUM
4542,PROMX
4543,JELVIX
4544,IT SVIT
4545,SOFTSERVE
4546,IT SVIT
4547,ADASTRA
4548,INSTINCTOOLS
4549,INFOPULSE
4550,FUTURE PROCESSING
4551,UNICSOFT
4552,LEMLOCK
4553,FUTURE PROCESSING
4554,COMSENSE TECHNOLOGIES
4555,ITEORA GMBH
4556,AVENGA
4557,ITEORA GMBH
4558,UNICSOFT
4559,IT SVIT
4560,JELVIX
4561,VRP CONSULTING
4562,COMMENCIS
4563,PROMX
4564,ITEORA GMBH
4565,COMMENCIS
4566,JELVIX
4567,COMSENSE TECHNOLOGIES
4568,DATAART
4569,CIKLUM
4570,ADASTRA
4571,ADASTRA
4572,ELEKS
4573,COMSENSE TECHNOLOGIES
4574,AVENGA
4575,AVENGA
4576,SOFTSERVE
4577,LEMLOCK
4578,SOFTSERVE
4579,UNICSOFT
4580,COMMENCIS
4581,COMMENCIS
4582,INSTINCTOOLS
4583,SOFTSERVE
4584,IT SVIT
4585,ITEORA GMBH
4586,COMMENCIS
4587,SOFTSERVE
4588,ADASTRA
4589,INFOPULSE
4590,LEMLOCK
4591,JELVIX
4592,COMMENCIS
4593,CIKLUM
4594,UNICSOFT
4595,ADASTRA
4596,ELEKS
4597,SOFTSERVE
4598,PROMX
4599,FUTURE PROCESSING
4600,JELVIX
4601,DATAART
4602,FEXLE INC.
4603,ADASTRA
4604,ITEORA GMBH
4605,ITEORA GMBH
4606,LEMLOCK
4607,CIKLUM
4608,INSTINCTOOLS
4609,PROMX
4610,ADASTRA
4611,THINKPORT GMBH
4612,COMSENSE TECHNOLOGIES
4613,FUTURE PROCESSING
4614,INFOPULSE
4615,SOFTSERVE
4616,COMSENSE TECHNOLOGIES
4617,ITEORA GMBH
4618,SOFTSERVE
4619,DATAART
4620,VRP CONSULTING
4621,CIKLUM
4622,VRP CONSULTING
4623,COMSENSE TECHNOLOGIES
4624,VRP CONSULTING
4625,THINKPORT GMBH
4626,ADASTRA
4627,JELVIX
4628,JELVIX
4629,FUTURE PROCESSING
4630,FUTURE PROCESSING
4631,ELEKS
4632,ITEORA GMBH
4633,AVENGA
4634,COMMENCIS
4635,IT SVIT
4636,UNICSOFT
4637,INFOPULSE
4638,AVENGA
4639,UNICSOFT
4640,INFOPULSE
4641,LEMLOCK
4642,IT SVIT
4643,THINKPORT GMBH
4644,ITEORA GMBH
4645,CIKLUM
4646,VRP CONSULTING
4647,LEMLOCK
4648,INFOPULSE
4649,FUTURE PROCESSING
4650,SOFTSERVE
4651,INSTINCTOOLS
4652,IT SVIT
4653,LEMLOCK
4654,UNICSOFT
4655,AVENGA
4656,IT SVIT
4657,SOFTSERVE
4658,CIKLUM
4659,FUTURE PROCESSING
4660,DATAART
4661,CIKLUM
4662,DATAART
4663,DATAART
4664,COMMENCIS
4665,INFOPULSE
4666,INFOPULSE
4667,DATAART
4668,THINKPORT GMBH
4669,UNICSOFT
4670,COMSENSE TECHNOLOGIES
4671,FUTURE PROCESSING
4672,INFOPULSE
4673,FUTURE PROCESSING
4674,DATAART
4675,UNICSOFT
4676,INSTINCTOOLS
4677,PROMX
4678,UNICSOFT
4679,IT SVIT
4680,ADASTRA
4681,FUTURE PROCESSING
4682,FEXLE INC.
4683,THINKPORT GMBH
4684,FUTURE PROCESSING
4685,CIKLUM
4686,DATAART
4687,CIKLUM
4688,IT SVIT
4689,INFOPULSE
4690,INSTINCTOOLS
4691,ADASTRA
4692,CIKLUM
4693,INFOPULSE
4694,COMSENSE TECHNOLOGIES
4695,UNICSOFT
4696,DATAART
4697,DATAART
4698,INSTINCTOOLS
4699,INFOPULSE
4700,IT SVIT
4701,LEMLOCK
4702,ADASTRA
4703,ELEKS
4704,FUTURE PROCESSING
4705,INFOPULSE
4706,VRP CONSULTING
4707,AVENGA
4708,INFOPULSE
4709,FUTURE PROCESSING
4710,JELVIX
4711,UNICSOFT
4712,ADASTRA
4713,ADASTRA
4714,JELVIX
4715,JELVIX
4716,INSTINCTOOLS
4717,COMMENCIS
4718,FEXLE INC.
4719,ADASTRA
4720,SOFTSERVE
4721,IT SVIT
4722,VRP CONSULTING
4723,UNICSOFT
4724,VRP CONSULTING
4725,SOFTSERVE
4726,COMMENCIS
4727,ITEORA GMBH
4728,COMMENCIS
4729,ELEKS
4730,SOFTSERVE
4731,ITEORA GMBH
4732,ELEKS
4733,INFOPULSE
4734,FUTURE PROCESSING
4735,UNICSOFT
4736,THINKPORT GMBH
4737,DATAART
4738,ELEKS
4739,FUTURE PROCESSING
4740,INFOPULSE
4741,COMSENSE TECHNOLOGIES
4742,THINKPORT GMBH
4743,CIKLUM
4744,FEXLE INC.
4745,IT SVIT
4746,SOFTSERVE
4747,INFOPULSE
4748,THINKPORT GMBH
4749,JELVIX
4750,ADASTRA
4751,PROMX
4752,DATAART
4753,COMSENSE TECHNOLOGIES
4754,ADASTRA
4755,INSTINCTOOLS
4756,ADASTRA
4757,VRP CONSULTING
4758,INSTINCTOOLS
4759,DATAART
4760,IT SVIT
4761,INFOPULSE
4762,INFOPULSE
4763,COMMENCIS
4764,FEXLE INC.
4765,AVENGA
4766,JELVIX
4767,CIKLUM
4768,CIKLUM
4769,ADASTRA
4770,ADASTRA
4771,UNICSOFT
4772,AVENGA
4773,INFOPULSE
4774,VRP CONSULTING
4775,AVENGA
4776,AVENGA
4777,IT SVIT
4778,ADASTRA
4779,INFOPULSE
4780,IT SVIT
4781,DATAART
4782,UNICSOFT
4783,ELEKS
4784,SOFTSERVE
4785,INSTINCTOOLS
4786,FEXLE INC.
4787,DATAART
4788,AVENGA
4789,IT SVIT
4790,INFOPULSE
4791,FUTURE PROCESSING
4792,DATAART
4793,FUTURE PROCESSING
4794,JELVIX
4795,THINKPORT GMBH
4796,FUTURE PROCESSING
4797,FEXLE INC.
4798,ADASTRA
4799,ELEKS
4800,FUTURE PROCESSING
4801,AVENGA
4802,VRP CONSULTING
4803,JELVIX
4804,IT SVIT
4805,VRP CONSULTING
4806,SOFTSERVE
4807,DATAART
4808,ELEKS
4809,ADASTRA
4810,LEMLOCK
4811,FEXLE INC.
4812,JELVIX
4813,JELVIX
4814,IT SVIT
4815,PROMX
4816,FEXLE INC.
4817,LEMLOCK
4818,AVENGA
4819,THINKPORT GMBH
4820,CIKLUM
4821,AVENGA
4822,UNICSOFT
4823,IT SVIT
4824,UNICSOFT
4825,ITEORA GMBH
4826,INFOPULSE
4827,COMMENCIS
4828,INFOPULSE
4829,ITEORA GMBH
4830,IT SVIT
4831,ADASTRA
4832,FUTURE PROCESSING
4833,SOFTSERVE
4834,VRP CONSULTING
4835,COMSENSE TECHNOLOGIES
4836,ELEKS
4837,ELEKS
4838,THINKPORT GMBH
4839,SOFTSERVE
4840,LEMLOCK
4841,LEMLOCK
4842,PROMX
4843,JELVIX
4844,FEXLE INC.
4845,INFOPULSE
4846,UNICSOFT
4847,LEMLOCK
4848,COMMENCIS
4849,VRP CONSULTING
4850,UNICSOFT
4851,IT SVIT
4852,INSTINCTOOLS
4853,IT SVIT
4854,FEXLE INC.
4855,THINKPORT GMBH
4856,SOFTSERVE
4857,FUTURE PROCESSING
4858,FUTURE PROCESSING
4859,ITEORA GMBH
4860,COMMENCIS
4861,LEMLOCK
4862,INSTINCTOOLS
4863,COMMENCIS
4864,ADASTRA
4865,SOFTSERVE
4866,THINKPORT GMBH
4867,INFOPULSE
4868,ELEKS
4869,JELVIX
4870,ITEORA GMBH
4871,LEMLOCK
4872,PROMX
4873,INFOPULSE
4874,COMMENCIS
4875,COMMENCIS
4876,PROMX
4877,CIKLUM
4878,ELEKS
4879,COMSENSE TECHNOLOGIES
4880,SOFTSERVE
4881,COMSENSE TECHNOLOGIES
4882,UNICSOFT
4883,DATAART
4884,LEMLOCK
4885,THINKPORT GMBH
4886,DATAART
4887,THINKPORT GMBH
4888,AVENGA
4889,AVENGA
4890,LEMLOCK
4891,ADASTRA
4892,COMMENCIS
4893,INSTINCTOOLS
4894,CIKLUM
4895,INFOPULSE
4896,IT SVIT
4897,ELEKS
4898,CIKLUM
4899,THINKPORT GMBH
4900,JELVIX
4901,ITEORA GMBH
4902,IT SVIT
4903,FUTURE PROCESSING
4904,ELEKS
4905,COMMENCIS
4906,ITEORA GMBH
4907,ITEORA GMBH
4908,INSTINCTOOLS
4909,ELEKS
4910,ADASTRA
4911,CIKLUM
4912,FEXLE INC.
4913,INSTINCTOOLS
4914,COMMENCIS
4915,CIKLUM
4916,DATAART
4917,PROMX
4918,ELEKS
4919,INSTINCTOOLS
4920,THINKPORT GMBH
4921,IT SVIT
4922,ADASTRA
4923,LEMLOCK
4924,INSTINCTOOLS
4925,ADASTRA
4926,JELVIX
4927,LEMLOCK
4928,INSTINCTOOLS
4929,DATAART
4930,VRP CONSULTING
4931,ADASTRA
4932,SOFTSERVE
4933,ITEORA GMBH
4934,DATAART
4935,JELVIX
4936,FUTURE PROCESSING
4937,IT SVIT
4938,ELEKS
4939,THINKPORT GMBH
4940,AVENGA
4941,INSTINCTOOLS
4942,COMSENSE TECHNOLOGIES
4943,FUTURE PROCESSING
4944,SOFTSERVE
4945,FEXLE INC.
4946,THINKPORT GMBH
4947,COMMENCIS
4948,VRP CONSULTING
4949,UNICSOFT
4950,JELVIX
4951,JELVIX
4952,AVENGA
4953,UNICSOFT
4954,SOFTSERVE
4955,AVENGA
4956,LEMLOCK
4957,INSTINCTOOLS
4958,ADASTRA
4959,JELVIX
4960,AVENGA
4961,ITEORA GMBH
4962,COMSENSE TECHNOLOGIES
4963,FUTURE PROCESSING
4964,FEXLE INC.
4965,COMMENCIS
4966,VRP CONSULTING
4967,PROMX
4968,INSTINCTOOLS
4969,ADASTRA
4970,LEMLOCK
4971,THINKPORT GMBH
4972,SOFTSERVE
4973,SOFTSERVE
4974,VRP CONSULTING
4975,JELVIX
4976,JELVIX
4977,LEMLOCK
4978,THINKPORT GMBH
4979,FEXLE INC.
4980,SOFTSERVE
4981,ITEORA GMBH
4982,LEMLOCK
4983,VRP CONSULTING
4984,INSTINCTOOLS
4985,COMSENSE TECHNOLOGIES
4986,JELVIX
4987,DATAART
4988,ELEKS
4989,COMMENCIS
4990,PROMX
4991,UNICSOFT
4992,INFOPULSE
4993,ITEORA GMBH
4994,COMMENCIS
4995,THINKPORT GMBH
4996,ITEORA GMBH
4997,CIKLUM
4998,ELEKS
4999,COMMENCIS
5000,ITEORA GMBH
5001,SOFTSERVE
5002,JELVIX
5003,DATAART
5004,INFOPULSE
5005,DATAART
5006,VRP CONSULTING
5007,CIKLUM
5008,THINKPORT GMBH
5009,ADASTRA
5010,JELVIX
5011,VRP CONSULTING
5012,PROMX
5013,ELEKS
5014,PROMX
5015,COMMENCIS
5016,PROMX
5017,IT SVIT
5018,PROMX
5019,AVENGA
5020,JELVIX
5021,JELVIX
5022,THINKPORT GMBH
5023,JELVIX
5024,CIKLUM
5025,FUTURE PROCESSING
5026,ELEKS
5027,IT SVIT
5028,INSTINCTOOLS
5029,THINKPORT GMBH
5030,FUTURE PROCESSING
5031,INSTINCTOOLS
5032,CIKLUM
5033,PROMX
5034,ELEKS
5035,SOFTSERVE
5036,CIKLUM
5037,PROMX
5038,COMMENCIS
5039,INSTINCTOOLS
5040,ADASTRA
5041,UNICSOFT
5042,COMSENSE TECHNOLOGIES
5043,INFOPULSE
5044,INSTINCTOOLS
5045,PROMX
5046,FEXLE INC.
5047,DATAART
5048,INSTINCTOOLS
5049,ITEORA GMBH
5050,LEMLOCK
5051,ADASTRA
5052,VRP CONSULTING
5053,COMMENCIS
5054,PROMX
5055,SOFTSERVE
5056,COMSENSE TECHNOLOGIES
5057,COMMENCIS
5058,SOFTSERVE
5059,IT SVIT
5060,LEMLOCK
5061,COMSENSE TECHNOLOGIES
5062,CIKLUM
5063,AVENGA
5064,UNICSOFT
5065,LEMLOCK
5066,VRP CONSULTING
5067,FUTURE PROCESSING
5068,DATAART
5069,LEMLOCK
5070,JELVIX
5071,JELVIX
5072,SOFTSERVE
5073,JELVIX
5074,FEXLE INC.
5075,FUTURE PROCESSING
5076,COMMENCIS
5077,IT SVIT
5078,VRP CONSULTING
5079,ITEORA GMBH
5080,DATAART
5081,PROMX
5082,AVENGA
5083,FEXLE INC.
5084,CIKLUM
5085,INSTINCTOOLS
5086,UNICSOFT
5087,ELEKS
5088,AVENGA
5089,INSTINCTOOLS
5090,INSTINCTOOLS
5091,VRP CONSULTING
5092,INSTINCTOOLS
5093,VRP CONSULTING
5094,VRP CONSULTING
5095,UNICSOFT
5096,LEMLOCK
5097,JELVIX
5098,UNICSOFT
5099,ITEORA GMBH
5100,DATAART
5101,THINKPORT GMBH
5102,FEXLE INC.
5103,COMMENCIS
5104,PROMX
5105,DATAART
5106,AVENGA
5107,INSTINCTOOLS
5108,PROMX
5109,ELEKS
5110,VRP CONSULTING
5111,THINKPORT GMBH
5112,SOFTSERVE
5113,JELVIX
5114,SOFTSERVE
5115,CIKLUM
5116,ELEKS
5117,FUTURE PROCESSING
5118,LEMLOCK
5119,COMMENCIS
5120,ADASTRA
5121,INFOPULSE
5122,DATAART
5123,CIKLUM
5124,JELVIX
5125,INSTINCTOOLS
5126,COMSENSE TECHNOLOGIES
5127,INSTINCTOOLS
5128,DATAART
5129,SOFTSERVE
5130,CIKLUM
5131,COMSENSE TECHNOLOGIES
5132,VRP CONSULTING
5133,JELVIX
5134,CIKLUM
5135,INFOPULSE
5136,ADASTRA
5137,ADASTRA
5138,ITEORA GMBH
5139,INFOPULSE
5140,FEXLE INC.
5141,ITEORA GMBH
5142,ELEKS
5143,IT SVIT
5144,ELEKS
5145,LEMLOCK
5146,THINKPORT GMBH
5147,PROMX
5148,IT SVIT
5149,PROMX
5150,COMMENCIS
5151,INSTINCTOOLS
5152,SOFTSERVE
5153,FEXLE INC.
5154,COMSENSE TECHNOLOGIES
5155,SOFTSERVE
5156,UNICSOFT
5157,ELEKS
5158,ITEORA GMBH
5159,CIKLUM
5160,COMSENSE TECHNOLOGIES
5161,INSTINCTOOLS
5162,DATAART
5163,UNICSOFT
5164,AVENGA
5165,UNICSOFT
5166,INFOPULSE
5167,ITEORA GMBH
5168,IT SVIT
5169,ITEORA GMBH
5170,CIKLUM
5171,THINKPORT GMBH
5172,PROMX
5173,AVENGA
5174,ADASTRA
5175,IT SVIT
5176,AVENGA
5177,DATAART
5178,SOFTSERVE
5179,SOFTSERVE
5180,INFOPULSE
5181,AVENGA
5182,LEMLOCK
5183,COMSENSE TECHNOLOGIES
5184,CIKLUM
5185,VRP CONSULTING
5186,INFOPULSE
5187,INSTINCTOOLS
5188,ITEORA GMBH
5189,FUTURE PROCESSING
5190,SOFTSERVE
5191,PROMX
5192,CIKLUM
5193,ADASTRA
5194,DATAART
5195,JELVIX
5196,COMSENSE TECHNOLOGIES
5197,LEMLOCK
5198,VRP CONSULTING
5199,PROMX
5200,ITEORA GMBH
5201,AVENGA
5202,ADASTRA
5203,CIKLUM
5204,INFOPULSE
5205,VRP CONSULTING
5206,INFOPULSE
5207,THINKPORT GMBH
5208,ELEKS
5209,VRP CONSULTING
5210,CIKLUM
5211,THINKPORT GMBH
5212,IT SVIT
5213,INSTINCTOOLS
5214,ITEORA GMBH
5215,DATAART
5216,PROMX
5217,ITEORA GMBH
5218,DATAART
5219,UNICSOFT
5220,THINKPORT GMBH
5221,FEXLE INC.
5222,VRP CONSULTING
5223,THINKPORT GMBH
5224,CIKLUM
5225,INFOPULSE
5226,UNICSOFT
5227,PROMX
5228,COMMENCIS
5229,ADASTRA
5230,IT SVIT
5231,VRP CONSULTING
5232,CIKLUM
5233,FEXLE INC.
5234,COMSENSE TECHNOLOGIES
5235,VRP CONSULTING
5236,ELEKS
5237,LEMLOCK
5238,VRP CONSULTING
5239,INFOPULSE
5240,DATAART
5241,ADASTRA
5242,LEMLOCK
5243,DATAART
5244,ELEKS
5245,JELVIX
5246,SOFTSERVE
5247,SOFTSERVE
5248,SOFTSERVE
5249,FUTURE PROCESSING
5250,COMSENSE TECHNOLOGIES
5251,THINKPORT GMBH
5252,INSTINCTOOLS
5253,LEMLOCK
5254,INFOPULSE
5255,INFOPULSE
5256,DATAART
5257,SOFTSERVE
5258,ADASTRA
5259,ITEORA GMBH
5260,THINKPORT GMBH
5261,IT SVIT
5262,ADASTRA
5263,UNICSOFT
5264,VRP CONSULTING
5265,INFOPULSE
5266,IT SVIT
5267,UNICSOFT
5268,LEMLOCK
5269,INSTINCTOOLS
5270,SOFTSERVE
5271,JELVIX
5272,JELVIX
5273,PROMX
5274,FEXLE INC.
5275,ADASTRA
5276,UNICSOFT
5277,THINKPORT GMBH
5278,INSTINCTOOLS
5279,COMSENSE TECHNOLOGIES
5280,ITEORA GMBH
5281,INFOPULSE
5282,JELVIX
5283,DATAART
5284,VRP CONSULTING
5285,AVENGA
5286,IT SVIT
5287,COMSENSE TECHNOLOGIES
5288,UNICSOFT
5289,ADASTRA
5290,ELEKS
5291,VRP CONSULTING
5292,AVENGA
5293,COMSENSE TECHNOLOGIES
5294,AVENGA
5295,LEMLOCK
5296,COMMENCIS
5297,INSTINCTOOLS
5298,COMMENCIS
5299,COMSENSE TECHNOLOGIES
5300,LEMLOCK
5301,INSTINCTOOLS
5302,VRP CONSULTING
5303,COMMENCIS
5304,LEMLOCK
5305,IT SVIT
5306,COMSENSE TECHNOLOGIES
5307,LEMLOCK
5308,VRP CONSULTING
5309,UNICSOFT
5310,UNICSOFT
5311,FUTURE PROCESSING
5312,AVENGA
5313,IT SVIT
5314,INFOPULSE
5315,INSTINCTOOLS
5316,UNICSOFT
5317,INFOPULSE
5318,DATAART
5319,AVENGA
5320,THINKPORT GMBH
5321,IT SVIT
5322,IT SVIT
5323,LEMLOCK
5324,IT SVIT
5325,INSTINCTOOLS
5326,COMMENCIS
5327,COMSENSE TECHNOLOGIES
5328,COMMENCIS
5329,PROMX
5330,JELVIX
5331,FUTURE PROCESSING
5332,UNICSOFT
5333,COMSENSE TECHNOLOGIES
5334,VRP CONSULTING
5335,DATAART
5336,ELEKS
5337,ADASTRA
5338,SOFTSERVE
5339,IT SVIT
5340,FEXLE INC.
5341,ITEORA GMBH
5342,CIKLUM
5343,CIKLUM
5344,ADASTRA
5345,INFOPULSE
5346,INFOPULSE
5347,ELEKS
5348,JELVIX
5349,LEMLOCK
5350,COMSENSE TECHNOLOGIES
5351,THINKPORT GMBH
5352,COMSENSE TECHNOLOGIES
5353,SOFTSERVE
5354,ELEKS
5355,INSTINCTOOLS
5356,FUTURE PROCESSING
5357,DATAART
5358,VRP CONSULTING
5359,VRP CONSULTING
5360,FEXLE INC.
5361,LEMLOCK
5362,COMMENCIS
5363,DATAART
5364,SOFTSERVE
5365,DATAART
5366,SOFTSERVE
5367,UNICSOFT
5368,IT SVIT
5369,IT SVIT
5370,INFOPULSE
5371,INFOPULSE
5372,PROMX
5373,SOFTSERVE
5374,IT SVIT
5375,JELVIX
5376,COMMENCIS
5377,ELEKS
5378,PROMX
5379,VRP CONSULTING
5380,COMSENSE TECHNOLOGIES
5381,CIKLUM
5382,AVENGA
5383,LEMLOCK
5384,INSTINCTOOLS
5385,INSTINCTOOLS
5386,ELEKS
5387,COMSENSE TECHNOLOGIES
5388,AVENGA
5389,ELEKS
5390,ADASTRA
5391,PROMX
5392,FUTURE PROCESSING
5393,DATAART
5394,COMMENCIS
5395,COMSENSE TECHNOLOGIES
5396,INSTINCTOOLS
5397,DATAART
5398,DATAART
5399,COMSENSE TECHNOLOGIES
5400,AVENGA
5401,JELVIX
5402,FEXLE INC.
5403,COMSENSE TECHNOLOGIES
5404,PROMX
5405,CIKLUM
5406,PROMX
5407,COMSENSE TECHNOLOGIES
5408,SOFTSERVE
5409,FEXLE INC.
5410,CIKLUM
5411,FUTURE PROCESSING
5412,DATAART
5413,INFOPULSE
5414,INSTINCTOOLS
5415,INFOPULSE
5416,CIKLUM
5417,PROMX
5418,IT SVIT
5419,FEXLE INC.
5420,LEMLOCK
5421,AVENGA
5422,ELEKS
5423,COMSENSE TECHNOLOGIES
5424,ELEKS
5425,ADASTRA
5426,ELEKS
5427,FEXLE INC.
5428,ITEORA GMBH
5429,ELEKS
5430,PROMX
5431,CIKLUM
5432,CIKLUM
5433,COMSENSE TECHNOLOGIES
5434,THINKPORT GMBH
5435,COMSENSE TECHNOLOGIES
5436,UNICSOFT
5437,SOFTSERVE
5438,DATAART
5439,SOFTSERVE
5440,AVENGA
5441,CIKLUM
5442,LEMLOCK
5443,SOFTSERVE
5444,IT SVIT
5445,ITEORA GMBH
5446,COMMENCIS
5447,DATAART
5448,ITEORA GMBH
5449,FUTURE PROCESSING
5450,INFOPULSE
5451,CIKLUM
5452,THINKPORT GMBH
5453,SOFTSERVE
5454,DATAART
5455,CIKLUM
5456,FEXLE INC.
5457,ADASTRA
5458,DATAART
5459,THINKPORT GMBH
5460,INFOPULSE
5461,FUTURE PROCESSING
5462,CIKLUM
5463,COMSENSE TECHNOLOGIES
5464,VRP CONSULTING
5465,INFOPULSE
5466,FUTURE PROCESSING
5467,ELEKS
5468,INFOPULSE
5469,UNICSOFT
5470,INSTINCTOOLS
5471,PROMX
5472,JELVIX
5473,IT SVIT
5474,FUTURE PROCESSING
5475,ADASTRA
5476,AVENGA
5477,AVENGA
5478,FEXLE INC.
5479,JELVIX
5480,SOFTSERVE
5481,AVENGA
5482,AVENGA
5483,IT SVIT
5484,AVENGA
5485,SOFTSERVE
5486,INSTINCTOOLS
5487,LEMLOCK
5488,LEMLOCK
5489,THINKPORT GMBH
5490,JELVIX
5491,PROMX
5492,LEMLOCK
5493,COMMENCIS
5494,COMSENSE TECHNOLOGIES
5495,VRP CONSULTING
5496,DATAART
5497,CIKLUM
5498,DATAART
5499,COMSENSE TECHNOLOGIES
5500,IT SVIT
5501,CIKLUM
5502,COMMENCIS
5503,AVENGA
5504,SOFTSERVE
5505,INSTINCTOOLS
5506,CIKLUM
5507,CIKLUM
5508,ADASTRA
5509,VRP CONSULTING
5510,COMSENSE TECHNOLOGIES
5511,JELVIX
5512,FEXLE INC.
5513,IT SVIT
5514,THINKPORT GMBH
5515,THINKPORT GMBH
5516,FEXLE INC.
5517,IT SVIT
5518,SOFTSERVE
5519,ELEKS
5520,FEXLE INC.
5521,ITEORA GMBH
5522,IT SVIT
5523,DATAART
5524,ITEORA GMBH
5525,THINKPORT GMBH
5526,CIKLUM
5527,PROMX
5528,LEMLOCK
5529,ITEORA GMBH
5530,VRP CONSULTING
5531,INSTINCTOOLS
5532,FEXLE INC.
5533,ITEORA GMBH
5534,INFOPULSE
5535,ADASTRA
5536,COMMENCIS
5537,COMSENSE TECHNOLOGIES
5538,ITEORA GMBH
5539,UNICSOFT
5540,VRP CONSULTING
5541,AVENGA
5542,DATAART
5543,THINKPORT GMBH
5544,DATAART
5545,ITEORA GMBH
5546,VRP CONSULTING
5547,INFOPULSE
5548,PROMX
5549,INSTINCTOOLS
5550,UNICSOFT
5551,AVENGA
5552,COMSENSE TECHNOLOGIES
5553,ELEKS
5554,FEXLE INC.
5555,THINKPORT GMBH
5556,COMMENCIS
5557,THINKPORT GMBH
5558,INFOPULSE
5559,UNICSOFT
5560,COMSENSE TECHNOLOGIES
5561,VRP CONSULTING
5562,PROMX
5563,THINKPORT GMBH
5564,THINKPORT GMBH
5565,DATAART
5566,PROMX
5567,INFOPULSE
5568,COMSENSE TECHNOLOGIES
5569,COMMENCIS
5570,FEXLE INC.
5571,AVENGA
5572,ITEORA GMBH
5573,DATAART
5574,AVENGA
5575,COMMENCIS
5576,DATAART
5577,CIKLUM
5578,INFOPULSE
5579,JELVIX
5580,IT SVIT
5581,INSTINCTOOLS
5582,FUTURE PROCESSING
5583,UNICSOFT
5584,FEXLE INC.
5585,AVENGA
5586,ADASTRA
5587,AVENGA
5588,COMMENCIS
5589,INFOPULSE
5590,COMMENCIS
5591,INFOPULSE
5592,CIKLUM
5593,PROMX
5594,THINKPORT GMBH
5595,INFOPULSE
5596,UNICSOFT
5597,SOFTSERVE
5598,SOFTSERVE
5599,LEMLOCK
5600,FUTURE PROCESSING
5601,COMSENSE TECHNOLOGIES
5602,INSTINCTOOLS
5603,AVENGA
5604,LEMLOCK
5605,JELVIX
5606,JELVIX
5607,COMMENCIS
5608,ITEORA GMBH
5609,JELVIX
5610,AVENGA
5611,PROMX
5612,UNICSOFT
5613,PROMX
,PROMX
